date,thick_elmer,u_bed_elmer,u_surf_elmer,tau_d_elmer,tau_b_elmer,sigma_elmer,u_def_elmer,slope,averaged_slope,slope_dem,gradxmean,gradymean,gradzmean,normalstress,projvector,sigma_plus_tau_b,velocity,altitude,thickness,obs_tau_b,obs_u_def,obs_u_bed
1903.0,,,,,,,,,,,,,,,,,,2481.712369951088,118.19236995108804,0.13477699276731206,21.516273581519233,
1920.0,,,,,,,,,,,,,,,,,,2471.058765366848,107.53876536684811,0.12969918386606777,16.772332342848184,
1921.0,,,,,,,,,,,,,,,,,70.5356281202448,2468.1310572368275,104.61105723682749,0.1283037554657256,15.69229062658167,54.84333749366313
1922.0,,,,,,,,,,,,,,,,,,2470.2455131085085,106.7255131085085,0.12931156486597245,16.46331497855559,
1923.0,,,,,,,,,,,,,,,,,58.712191441316776,2468.049732010993,104.52973201099303,0.12826499356571583,15.66355348268031,43.04863795863646
1924.0,,,,,,,,,,,,,,,,,72.33729466179572,2468.049732010993,104.52973201099303,0.12826499356571583,15.66355348268031,56.67374117911541
1925.0,104.12367459016393,25.333723625663595,42.72500415198212,0.23348778250599642,0.12782431604978262,-0.014493257513050013,17.391280526318525,0.28726497686951596,0.2665570874783372,0.341321607607778,0.18531721311475408,-0.16359180327868852,-0.0611047475765923,0.8605430327868852,-0.04139510699326955,0.1133310585367326,65.01802433674504,2470.733464463512,107.21346446351208,0.12954413626602956,16.64788049687317,48.37014383987187
1926.0,,,,,,,,,,,,,,,,,73.12552377372425,2468.5376833659966,105.01768336599662,0.12876677294676248,15.989419124875653,57.1361046488486
1927.0,,,,,,,,,,,,,,,,,83.48510638764213,2466.9925040751527,103.47250407515276,0.12829135246350357,15.584765591185715,67.90034079645642
1927.0,,,,,,,,,,,,,,,,,83.48510638764213,2470.733464463512,107.21346446351208,0.1300935710933692,16.98069237693882,66.50441401070331
1928.0,,,,,,,,,,,,,,,,,85.28677292919306,2465.203349106807,101.68334910680687,0.12768962872461365,15.1051259535407,70.18164697565237
1929.0,,,,,,,,,,,,,,,,,76.50364853913226,,,,,
1930.0,,,,,,,,,,,,,,,,,64.34239938366345,,,,,
1930.0,,,,,,,,,,,,,,,,,55.33406667590878,,,,,
1931.0,,,,,,,,,,,,,,,,,55.33406667590878,2461.869014847617,98.34901484761713,0.12682846667249,14.388971121997265,40.945095553911514
1932.0,,,,,,,,,,,,,,,,,,2456.664200394248,93.14420039424795,0.12450534057586483,12.935184431353823,
1933.0,,,,,,,,,,,,,,,,,69.29698237292851,,,,,
1934.0,,,,,,,,,,,,,,,,,58.26177480592905,2457.96540400759,94.44540400759024,0.12562983791851765,13.520116814059332,44.741657991869715
1936.0,,,,,,,,,,,,,,,,,58.14917064708211,,,,,
1937.0,,,,,,,,,,,,,,,,,,2459.022631943431,95.50263194343097,0.12688600889896262,14.18649042944529,
1942.0,,,,,,,,,,,,,,,,,52.181150228194646,,,,,
1944.0,,,,,,,,,,,,,,,,,,2450.5648084567056,87.0448084567056,0.12413690553932194,12.36538096175789,
1946.0,,,,,,,,,,,,,,,,,44.97448406199091,2447.474449875018,83.95444987501787,0.12293752163915786,11.71670846060583,33.25777560138508
1948.0,,,,,,,,,,,,,,,,,40.2451093904197,2434.9503650965976,71.4303650965976,0.11665909859949386,9.284665170827456,30.960444219592244
1949.0,,,,,,,,,,,,,,,,,34.72750560691996,2431.778681289076,68.25868128907587,0.11513355723670474,8.845658047961052,25.88184755895891
1950.0,,,,,,,,,,,,,,,,,29.209901823420225,2430.558802901567,67.03880290156712,0.11464596460427726,8.709724980901456,20.50017684251877
1952.0,75.31298225108226,16.762319190868773,25.48596311499875,0.1998709219313606,0.11126431543346735,0.012818357130378202,8.723643924129977,0.3312573333860375,0.3239479244893757,0.341321607607778,0.23205411255411257,-0.15678138528138527,-0.0784295139240269,0.6188670995670996,0.002017734201676689,0.12408267256384554,32.02500579459357,2426.492541609872,62.97254160987222,0.11276545226181947,8.256801087267355,23.768204707326213
1953.0,,,,,,,,,,,,,,,,,33.26365154190983,2424.6220614156928,61.10206141569279,0.11196086283220101,8.08175984006645,25.18189170184338
1954.0,,,,,,,,,,,,,,,,,34.95271392461383,2426.65519206154,63.13519206154024,0.11329787584739248,8.347575734347352,26.60513819026648
1955.0,,,,,,,,,,,,,,,,,,2426.004590254869,62.48459025486909,0.11315784724914102,8.30525879262536,
1956.0,,,,,,,,,,,,,,,,,38.33083869002184,,,,,
1957.0,,,,,,,,,,,,,,,,,40.13250523157277,2425.7606145773675,62.24061457736752,0.1134579696524856,8.346579173328823,31.78592605824395
1959.0,,,,,,,,,,,,,,,,,42.9476092027461,2427.549769545713,64.02976954571295,0.11491143088334192,8.655891422970736,34.29171777977537
1959.0,,,,,,,,,,,,,,,,,42.9476092027461,2424.5407361898588,61.02073618985878,0.11319763099000617,8.26783330908573,34.67977589366037
1959.0,,,,,,,,,,,,,,,,,42.9476092027461,2427.549769545713,64.02976954571295,0.11491143088334192,8.655891422970736,34.29171777977537
1959.0,,,,,,,,,,,,,,,,,42.9476092027461,2424.5407361898588,61.02073618985878,0.11319763099000617,8.26783330908573,34.67977589366037
1960.0,,,,,,,,,,,,,,,,,,2431.616030837408,68.09603083740785,0.11746452976717847,9.326979521858421,
1961.0,,,,,,,,,,,,,,,,,44.298859108909305,2429.7455506432284,66.22555064322842,0.11662299027349035,9.069929324384034,35.22892978452527
1962.0,,,,,,,,,,,,,,,,,,2429.6642254173944,66.14422541739441,0.11680580230775156,9.104610154932804,
1963.0,,,,,,,,,,,,,,,,,47.11396308008264,,,,,
1964.0,,,,,,,,,,,,,,,,,43.285421679286905,2429.6642254173944,66.14422541739441,0.11726420171131127,9.201269937107913,34.08415174217899
1965.0,,,,,,,,,,,,,,,,,,2429.826875869062,66.30687586906197,0.1175889261244724,9.27810011636466,
1966.0,,,,,,,,,,,,,,,,,61.189482935949314,,,,,
1967.0,60.78041928251122,19.174897905843075,27.351776095839803,0.19397757723619283,0.11626917196028996,0.03189082460887195,8.176878189996728,0.36563913639400675,0.3869703083798685,0.341321607607778,0.2610946188340807,-0.22455874439461884,-0.11859702966820164,0.48974125560538123,0.04235839840309865,0.1481599965691619,61.189482935949314,2423.890134383188,60.37013438318809,0.11450059110106259,8.45943695466358,34.08415174217899
1970.0,,,,,,,,,,,,,,,,,67.9457324667653,,,,,
1974.0,,,,,,,,,,,,,,,,,,2429.826875869062,66.30687586906197,0.11876654487393104,9.542004095251539,
1981.0,73.28646981981981,27.564253914864683,41.55584590558866,0.22620637239909108,0.13197327422839103,0.038540532204529535,13.991591990723979,0.3801249487481806,0.3821596762851929,0.341321607607778,0.2761315315315316,-0.19414954954954958,-0.11394267029624221,0.5902292792792793,0.042456780978867965,0.17051380643292058,,2447.66,84.13999999999987,0.13052089804301942,14.919276092365124,
1983.0,,,,,,,,,,,,,,,,,,2447.66,84.13999999999987,0.13052089804301942,14.919276092365124,
1984.0,,,,,,,,,,,,,,,,,,2445.28,81.76000000000022,0.1290478175606668,13.99985018664355,
1985.0,,,,,,,,,,,,,,,,,,2446.96,83.44000000000005,0.13008763907762164,14.640610450781832,
1986.0,,,,,,,,,,,,,,,,,,2443.8,80.2800000000002,0.1281317843195398,13.467158528001603,
1988.0,,,,,,,,,,,,,,,,,,2440.83,77.30999999999995,0.1262935284234943,12.483582596125032,
1990.0,,,,,,,,,,,,,,,,,,2431.1,67.57999999999993,0.1202712288044636,9.96884041178473,
1991.0,,,,,,,,,,,,,,,,,,2427.12,63.59999999999991,0.117807842115487,9.208169530295406,
1992.0,,,,,,,,,,,,,,,,,,2423.68,60.159999999999854,0.1156786837712459,8.656160729919483,
1993.0,,,,,,,,,,,,,,,,,,2421.28,57.76000000000022,0.1141932244613105,8.323144986368062,
1994.0,,,,,,,,,,,,,,,,,,2418.49,54.9699999999998,0.11246637801351006,7.984846611310794,
