date,thick_elmer,u_bed_elmer,u_surf_elmer,tau_d_elmer,tau_b_elmer,sigma_elmer,u_def_elmer,slope,averaged_slope,slope_dem,gradxmean,gradymean,gradzmean,normalstress,projvector,sigma_plus_tau_b,velocity,altitude,thickness,obs_tau_b,obs_u_def,obs_u_bed
1903.0,,,,,,,,,,,,,,,,,,2481.712369951088,118.19236995108804,0.14164492923710506,29.75481821993654,
1920.0,,,,,,,,,,,,,,,,,,2471.058765366848,107.53876536684811,0.1368434456909349,23.807623289623592,
1921.0,,,,,,,,,,,,,,,,,70.5356281202448,2468.1310572368275,104.61105723682749,0.1355239540293917,22.45363969321081,48.081988427033984
1922.0,,,,,,,,,,,,,,,,,,2470.2455131085085,106.7255131085085,0.13647692022939487,23.420226732659824,
1923.0,,,,,,,,,,,,,,,,,58.712191441316776,2468.049732010993,104.52973201099303,0.1354873014832375,22.417613657489994,36.29457778382678
1924.0,,,,,,,,,,,,,,,,,72.33729466179572,2468.049732010993,104.52973201099303,0.1354873014832375,22.417613657489994,49.91968100430573
1925.0,111.85246666666666,27.844476117865025,50.77321117767524,0.2784460206174052,0.13383206672711115,-0.0710617659087013,22.92873505981022,0.28726497686951596,0.29072591415571203,0.341321607607778,0.25671111111111106,-0.13203333333333334,-0.08333339567901234,0.7819111111111111,-0.11439937586929469,0.06277030081840985,65.01802433674504,2470.733464463512,107.21346446351208,0.1366968355063188,23.65160546600105,41.36641887074399
1926.0,,,,,,,,,,,,,,,,,73.12552377372425,2468.5376833659966,105.01768336599662,0.1359756721246509,22.836623639825724,50.28890013389853
1927.0,,,,,,,,,,,,,,,,,83.48510638764213,2466.9925040751527,103.47250407515276,0.13553982926799005,22.338994385605247,61.14611200203689
1927.0,,,,,,,,,,,,,,,,,83.48510638764213,2470.733464463512,107.21346446351208,0.13724497232972255,24.092060433010488,59.393045954631646
1928.0,,,,,,,,,,,,,,,,,85.28677292919306,2465.203349106807,101.68334910680687,0.13498425791290478,21.746272156595303,63.54050077259776
1929.0,,,,,,,,,,,,,,,,,76.50364853913226,,,,,
1930.0,,,,,,,,,,,,,,,,,64.34239938366345,,,,,
1930.0,,,,,,,,,,,,,,,,,55.33406667590878,,,,,
1931.0,,,,,,,,,,,,,,,,,55.33406667590878,2461.869014847617,98.34901484761713,0.13421015796882382,20.872903715641627,34.46116296026715
1932.0,,,,,,,,,,,,,,,,,,2456.664200394248,93.14420039424795,0.13202266834158569,19.048040043818663,
1933.0,,,,,,,,,,,,,,,,,69.29698237292851,,,,,
1934.0,,,,,,,,,,,,,,,,,58.26177480592905,2457.96540400759,94.44540400759024,0.13311525199467855,19.80214411897901,38.459630686950035
1936.0,,,,,,,,,,,,,,,,,58.14917064708211,,,,,
1937.0,,,,,,,,,,,,,,,,,,2459.022631943431,95.50263194343097,0.13434845477897425,20.671289431486045,
1942.0,,,,,,,,,,,,,,,,,52.181150228194646,,,,,
1944.0,,,,,,,,,,,,,,,,,,2450.5648084567056,87.0448084567056,0.1318347231985828,18.41303083902788,
1946.0,,,,,,,,,,,,,,,,,44.97448406199091,2447.474449875018,83.95444987501787,0.13072105278321453,17.5984879394273,27.375996122563606
1948.0,,,,,,,,,,,,,,,,,40.2451093904197,2434.9503650965976,71.4303650965976,0.12476943541624336,14.497246635532548,25.74786275488715
1949.0,,,,,,,,,,,,,,,,,34.72750560691996,2431.778681289076,68.25868128907587,0.12332799701074441,13.938084545389888,20.789421061530074
1950.0,,,,,,,,,,,,,,,,,29.209901823420225,2430.558802901567,67.03880290156712,0.12287473862571402,13.766691102113715,15.44321072130651
1952.0,85.12542222222221,19.17478914102183,32.42717373618642,0.2445214628589305,0.11818407800319014,-0.018232323341706883,13.252384595164589,0.3312573333860375,0.33996515272615635,0.341321607607778,0.30993333333333334,-0.1371666666666667,-0.11487336555555555,0.5647333333333333,-0.06221373581400077,0.09995175466148326,32.02500579459357,2426.492541609872,62.97254160987222,0.12110419983095089,13.190164547643976,18.834841246949594
1953.0,,,,,,,,,,,,,,,,,33.26365154190983,2424.6220614156928,61.10206141569279,0.12035182122717769,12.968080110737029,20.295571431172803
1954.0,,,,,,,,,,,,,,,,,34.95271392461383,2426.65519206154,63.13519206154024,0.12164281384848688,13.313711299709594,21.639002624904236
1955.0,,,,,,,,,,,,,,,,,,2426.004590254869,62.48459025486909,0.12152471160007941,13.262544779406756,
1956.0,,,,,,,,,,,,,,,,,38.33083869002184,,,,,
1957.0,,,,,,,,,,,,,,,,,40.13250523157277,2425.7606145773675,62.24061457736752,0.12184293154981612,13.322881327802246,26.809623903770525
1959.0,,,,,,,,,,,,,,,,,42.9476092027461,2427.549769545713,64.02976954571295,0.12326546147750801,13.731563934275039,29.216045268471063
1959.0,,,,,,,,,,,,,,,,,42.9476092027461,2424.5407361898588,61.02073618985878,0.12162588871164443,13.227733825723725,29.719875377022376
1959.0,,,,,,,,,,,,,,,,,42.9476092027461,2427.549769545713,64.02976954571295,0.12326546147750801,13.731563934275039,29.216045268471063
1959.0,,,,,,,,,,,,,,,,,42.9476092027461,2424.5407361898588,61.02073618985878,0.12162588871164443,13.227733825723725,29.719875377022376
1960.0,,,,,,,,,,,,,,,,,,2431.616030837408,68.09603083740785,0.12572598151276282,14.608286371292266,
1961.0,,,,,,,,,,,,,,,,,44.298859108909305,2429.7455506432284,66.22555064322842,0.12493821586973035,14.27904034426329,30.019818764646015
1962.0,,,,,,,,,,,,,,,,,,2429.6642254173944,66.14422541739441,0.12513118042812296,14.3292727776804,
1963.0,,,,,,,,,,,,,,,,,47.11396308008264,,,,,
1964.0,,,,,,,,,,,,,,,,,43.285421679286905,2429.6642254173944,66.14422541739441,0.12560690491929946,14.465940763044056,28.81948091624285
1965.0,,,,,,,,,,,,,,,,,,2429.826875869062,66.30687586906197,0.12593690217823808,14.571937245493473,
1966.0,,,,,,,,,,,,,,,,,61.189482935949314,,,,,
1967.0,69.97256666666667,21.98833045088468,34.94564319051868,0.2165609252403089,0.12366605886123301,0.003597239735498867,12.957312739634002,0.36563913639400675,0.37428926324068607,0.341321607607778,0.34072222222222226,-0.15082222222222225,-0.13883897543209878,0.42766666666666664,-0.033359315396913655,0.12726329859673188,61.189482935949314,2423.890134383188,60.37013438318809,0.123008170090595,13.507574359716262,28.81948091624285
1970.0,,,,,,,,,,,,,,,,,67.9457324667653,,,,,
1974.0,,,,,,,,,,,,,,,,,,2429.826875869062,66.30687586906197,0.1271672693538139,14.949324691085726,
1981.0,81.38153333333334,30.284777764437607,50.63764158034751,0.2574381464039972,0.1376350750351268,0.004678953822545313,20.352863815909906,0.3801249487481806,0.38344147544629004,0.341321607607778,0.34441111111111117,-0.1595888888888889,-0.14408762691358026,0.5099333333333333,-0.02990555612836524,0.14231402885767214,,2447.66,84.13999999999987,0.13855604841876024,22.10202212055789,
1983.0,,,,,,,,,,,,,,,,,,2447.66,84.13999999999987,0.13855604841876024,22.10202212055789,
1984.0,,,,,,,,,,,,,,,,,,2445.28,81.76000000000022,0.1371366656695454,20.882438807436927,
1985.0,,,,,,,,,,,,,,,,,,2446.96,83.44000000000005,0.13813858290428532,21.73238280073863,
1986.0,,,,,,,,,,,,,,,,,,2443.8,80.2800000000002,0.13625402429608396,20.175843687726232,
1988.0,,,,,,,,,,,,,,,,,,2440.83,77.30999999999995,0.134482777756097,18.871167817447535,
1990.0,,,,,,,,,,,,,,,,,,2431.1,67.57999999999993,0.12868000710489438,15.535458451703875,
1991.0,,,,,,,,,,,,,,,,,,2427.12,63.59999999999991,0.12630641746545074,14.526457608821023,
1992.0,,,,,,,,,,,,,,,,,,2423.68,60.159999999999854,0.12425487265145925,13.794239039119043,
1993.0,,,,,,,,,,,,,,,,,,2421.28,57.76000000000022,0.12282356231611659,13.352506386912403,
1994.0,,,,,,,,,,,,,,,,,,2418.49,54.9699999999998,0.12115966405128023,12.903766525974959,
