glacier,stake,fit_type,CN,q,As,m
All,101,Lliboutry,0.11718480227919215,1.0,22630.635535014644,3.0
Arg,4,Lliboutry,0.13161818748297435,1.0,18749.68195329081,3.0
Arg,5,Lliboutry,0.123578429673327,1.0,14204.460915638112,3.0
Cor,A4,Lliboutry,0.10706100841695915,1.0,5664.61095582515,3.0
Cor,B4,Lliboutry,0.08735335273771526,1.0,5444.264539960788,3.0
Geb,sup,Tsai,0.06619498276922357,,418786.9726453683,3.792371969193018
Geb,ss,Tsai,0.05,,181.44985700112045,0.9623575733263569
Gie,5,Lliboutry,0.1121309758297917,1.0,16289.708505655793,3.0
Gie,102,Lliboutry,0.17463763984990446,1.0,23953.29780325993,3.0
GB,inf,Lliboutry,0.12631416798118944,1.0,3911.512408365111,3.0
GB,sup,Lliboutry,0.14733185782845618,1.0,9774.795606706823,3.0
MDG,ech,Lliboutry,0.1377058226026649,1.0,16522.27243221717,3.0
MDG,trel,Lliboutry,0.13141653500874084,1.0,11073.339455814646,3.0
MDG,tac,Lliboutry,0.10835176327756399,1.0,18430.85351544558,3.0
StSo,B,Lliboutry,18.118412116435774,1.0,10743.897824084992,3.0
StSo,C,Lliboutry,0.12085379422819405,1.0,7529.086366984753,3.0
