vel_fit,tau_fit
0.01,0.011408435115446548
0.23021021021021024,0.0322684641928071
0.45042042042042046,0.04013244016065998
0.6706306306306307,0.04557333339839866
0.8908408408408409,0.04982521524093709
1.1110510510510512,0.053345531306364
1.3312612612612613,0.056361461733490645
1.5514714714714717,0.05900460688834578
1.7716816816816818,0.061358965426916205
1.991891891891892,0.06348187973569318
2.212102102102102,0.06541447982951461
2.4323123123123125,0.06718740869549943
2.6525225225225224,0.06882419330243744
2.8727327327327328,0.07034334359267949
3.092942942942943,0.07175971970712712
3.313153153153153,0.07308545626767671
3.5333633633633634,0.07433060700324004
3.753573573573574,0.07550360642735904
3.9737837837837837,0.07661160814249898
4.1939939939939945,0.07766073773109722
4.4142042042042045,0.0786562851398849
4.634414414414414,0.07960285332433199
4.854624624624625,0.08050447469968847
5.074834834834835,0.08136470351250454
5.295045045045045,0.08218668993868547
5.515255255255256,0.08297324013120183
5.735465465465466,0.08372686533506712
5.955675675675676,0.08444982240235721
6.1758858858858865,0.08514414747446952
6.396096096096096,0.0858116841856292
6.616306306306306,0.08645410743596219
6.836516516516517,0.08707294355365593
7.056726726726727,0.08766958749262944
7.276936936936937,0.08824531757985835
7.497147147147148,0.08880130822447879
7.717357357357358,0.08933864092142049
7.937567567567568,0.08985831382006203
8.157777777777778,0.0903612500791996
8.37798798798799,0.09084830519045417
8.5981981981982,0.09132027342085751
8.81840840840841,0.09177789350004528
9.038618618618619,0.0922218536569522
9.258828828828829,0.09265279609414831
9.479039039039039,0.09307132097421351
9.69924924924925,0.09347798998121587
9.91945945945946,0.09387332951097191
10.13966966966967,0.09425783353595497
10.35987987987988,0.09463196618418625
10.58009009009009,0.09499616406596142
10.8003003003003,0.09535083837764537
11.020510510510512,0.09569637680785953
11.240720720720722,0.09603314526806721
11.460930930930932,0.09636148946673541
11.681141141141142,0.0966817363438344
11.901351351351352,0.0969941953803634
12.121561561561562,0.09729915979580785
12.341771771771773,0.09759690764489515
12.561981981981983,0.09788770282368503
12.782192192192193,0.09817179599387535
13.002402402402403,0.09844942543320044
13.222612612612613,0.09872081781892249
13.442822822822823,0.09898618895065113
13.663033033033035,0.09924574441805556
13.883243243243244,0.09949968021844356
14.103453453453454,0.09974818332866435
14.323663663663664,0.0999914322353337
14.543873873873874,0.10022959742697617
14.764084084084086,0.10046284185132122
14.984294294294296,0.10069132134067199
15.204504504504506,0.10091518500798385
15.424714714714716,0.10113457561603784
15.644924924924926,0.10134962992187008
15.865135135135136,0.10156047899841801
16.08534534534535,0.10176724853516499
16.305555555555557,0.10197005911940321
16.52576576576577,0.10216902649959235
16.74597597597598,0.10236426183215923
16.96618618618619,0.10255587191296928
17.1863963963964,0.10274395939459346
17.40660660660661,0.10292862299039997
17.62681681681682,0.10310995766641395
17.84702702702703,0.10328805482181062
18.06723723723724,0.10346300245883618
18.28744744744745,0.10363488534288737
18.50765765765766,0.10380378515342194
18.72786786786787,0.10396978062631966
18.94807807807808,0.1041329476882646
19.16828828828829,0.1042933595836765
19.388498498498503,0.10445108699467762
19.60870870870871,0.10460619815454594
19.828918918918923,0.10475875895507128
20.04912912912913,0.10490883304820023
20.269339339339343,0.10505648194232818
20.48954954954955,0.1052017650935701
20.709759759759763,0.10534473999231876
20.929969969969974,0.10548546224537661
21.150180180180183,0.10562398565392797
21.370390390390394,0.10576036228759948
21.590600600600602,0.10589464255483964
21.810810810810814,0.10602687526983302
22.031021021021026,0.10615710771614958
22.251231231231234,0.10628538570731656
22.471441441441446,0.10641175364448821
22.691651651651654,0.1065362545713765
22.911861861861865,0.10665893022659616
23.132072072072077,0.10677982109356675
23.352282282282285,0.10689896644810623
23.572492492492497,0.10701640440384115
23.792702702702705,0.10713217195555148
24.012912912912917,0.10724630502056025
24.233123123123125,0.10735883847827182
24.453333333333337,0.1074698062079559
24.67354354354355,0.1075792411248687
24.893753753753757,0.10768717521479766
25.11396396396397,0.10779363956710958
25.334174174174176,0.10789866440637946
25.554384384384388,0.10800227912267071
25.7745945945946,0.10810451230053454
25.994804804804808,0.10820539174679235
26.21501501501502,0.1083049445171606
26.435225225225228,0.10840319694177532
26.65543543543544,0.10850017464966902
26.875645645645648,0.10859590259225095
27.09585585585586,0.108690405065838
27.31606606606607,0.10878370573328151
27.53627627627628,0.1088758276447323
27.75648648648649,0.10896679325758432
27.9766966966967,0.10905662445563517
28.19690690690691,0.10914534256749922
28.417117117117122,0.10923296838430781
28.63732732732733,0.10931952217672863
28.857537537537542,0.10940502371133536
29.07774774774775,0.10948949226635615
29.297957957957962,0.10957294664682903
29.518168168168174,0.10965540519919008
29.738378378378382,0.10973688582531946
29.958588588588594,0.10981740599606885
30.178798798798802,0.10989698276429256
30.399009009009013,0.10997563277740409
30.61921921921922,0.11005337228947776
30.839429429429433,0.11013021717291527
31.059639639639645,0.11020618292969529
31.279849849849853,0.11028128470222344
31.500060060060065,0.11035553728379945
31.720270270270273,0.11042895512871721
31.940480480480485,0.11050155236201292
32.16069069069069,0.1105733427888755
32.380900900900905,0.11064433990373312
32.60111111111111,0.11071455689902883
32.82132132132132,0.11078400667369778
33.04153153153153,0.11085270184135787
33.261741741741744,0.11092065473822518
33.481951951951956,0.11098787743076506
33.70216216216216,0.11105438172308908
33.92237237237237,0.11112017916410788
34.142582582582584,0.11118528105444923
34.362792792792796,0.11124969845315039
34.583003003003,0.11131344218413323
34.80321321321321,0.11137652284247077
35.023423423423424,0.11143895080045234
35.243633633633635,0.11150073621345556
35.46384384384385,0.11156188902563208
35.68405405405405,0.1116224189754138
35.90426426426426,0.11168233560084673
36.124474474474475,0.11174164824475795
36.34468468468469,0.11180036605976292
36.5648948948949,0.11185849801311772
36.7851051051051,0.11191605289142276
37.005315315315315,0.11197303930518276
37.225525525525526,0.11202946569322833
37.44573573573574,0.11208534032700397
37.66594594594595,0.1121406713147273
37.886156156156154,0.1121954666054241
38.106366366366366,0.11224973399284315
38.32657657657658,0.11230348111925555
38.54678678678679,0.11235671547914212
38.766996996997,0.11240944442277293
38.987207207207206,0.11246167515968251
39.20741741741742,0.11251341476204452
39.42762762762763,0.11256467016794894
39.64783783783784,0.11261544818458545
39.86804804804805,0.11266575549133585
40.08825825825826,0.11271559864277866
40.30846846846847,0.11276498407160884
40.52867867867868,0.11281391809147542
40.74888888888889,0.11286240689973974
40.9690990990991,0.11291045658015673
41.18930930930931,0.11295807310548214
41.40951951951952,0.11300526234000766
41.62972972972973,0.11305203004202648
41.849939939939944,0.11309838186623167
42.07015015015015,0.11314432336604904
42.29036036036036,0.11318985999590726
42.51057057057057,0.11323499711344644
42.73078078078078,0.11327973998166777
42.950990990990995,0.11332409377102572
43.1712012012012,0.11336806356146471
43.39141141141141,0.11341165434440176
43.61162162162162,0.11345487102465719
43.831831831831835,0.11349771842233465
44.052042042042046,0.11354020127465202
44.27225225225225,0.11358232423772485
44.49246246246246,0.11362409188830382
44.712672672672674,0.11366550872546723
44.932882882882886,0.11370657917227041
45.1530930930931,0.11374730757735281
45.3733033033033,0.11378769821650452
45.593513513513514,0.11382775529419295
45.813723723723726,0.11386748294505125
46.03393393393394,0.11390688523532944
46.25414414414415,0.11394596616430909
46.474354354354354,0.11398472966568318
46.694564564564566,0.11402317960890156
46.91477477477478,0.1140613198004834
47.13498498498499,0.11409915398529735
47.35519519519519,0.11413668584781057
47.575405405405405,0.11417391901330719
47.79561561561562,0.11421085704907734
48.01582582582583,0.1142475034655776
48.23603603603604,0.11428386171756337
48.456246246246245,0.1143199352051943
48.67645645645646,0.1143557272751133
48.89666666666667,0.11439124122149998
49.11687687687688,0.1144264802870992
49.33708708708709,0.11446144766422539
49.557297297297296,0.11449614649574334
49.77750750750751,0.11453057987602604
49.99771771771772,0.11456475085189034
50.21792792792793,0.11459866242351088
50.43813813813814,0.11463231754531292
50.65834834834835,0.1146657191268446
50.87855855855856,0.11469887003362951
51.09876876876877,0.11473177308799937
51.31897897897898,0.11476443106990826
51.539189189189194,0.11479684671772802
51.7593993993994,0.11482902272902612
51.97960960960961,0.11486096176132571
52.19981981981982,0.1148926664328489
52.420030030030034,0.11492413932324341
52.640240240240246,0.11495538297429315
52.86045045045045,0.11498639989061286
53.08066066066066,0.11501719254032788
53.300870870870874,0.11504776335573853
53.521081081081086,0.11507811473397034
53.74129129129129,0.11510824903760988
53.9615015015015,0.11513816859532694
54.18171171171171,0.11516787570248316
54.401921921921925,0.11519737262172763
54.62213213213214,0.11522666158357964
54.84234234234234,0.115255744786999
55.06255255255255,0.1152846243999443
55.282762762762765,0.1153133025599191
55.50297297297298,0.11534178137450686
55.72318318318319,0.11537006292189428
55.94339339339339,0.11539814925138395
56.163603603603605,0.11542604238389605
56.383813813813816,0.11545374431245976
56.60402402402403,0.11548125700269436
56.82423423423424,0.1155085823932803
57.044444444444444,0.11553572239642076
57.264654654654656,0.11556267889829366
57.48486486486487,0.11558945375949416
57.70507507507508,0.11561604881546851
57.92528528528529,0.11564246587693888
58.145495495495496,0.11566870673031948
58.36570570570571,0.11569477313812455
58.58591591591592,0.11572066683936783
58.80612612612613,0.11574638954995427
59.02633633633634,0.11577194296306377
59.24654654654655,0.11579732874952725
59.46675675675676,0.11582254855819543
59.68696696696697,0.11584760401630007
59.90717717717718,0.11587249672980825
60.12738738738739,0.11589722828376965
60.3475975975976,0.11592180024265704
60.56780780780781,0.11594621415070003
60.78801801801802,0.11597047153221245
61.00822822822823,0.1159945738919133
61.22843843843844,0.11601852271524146
61.44864864864865,0.11604231946866453
61.66885885885886,0.11606596559998145
61.88906906906907,0.11608946253861956
62.109279279279285,0.11611281169592587
62.32948948948949,0.11613601446545288
62.5496996996997,0.1161590722232388
62.76990990990991,0.1161819863280828
62.990120120120125,0.11620475812181463
63.210330330330336,0.11622738892955965
63.43054054054054,0.11624988005999852
63.65075075075075,0.11627223280562225
63.870960960960964,0.11629444844298248
64.09117117117118,0.11631652823293698
64.3113813813814,0.11633847342089088
64.5315915915916,0.11636028523703316
64.75180180180182,0.116381964896569
64.97201201201202,0.11640351359994781
65.19222222222223,0.11642493253308707
65.41243243243244,0.11644622286759213
65.63264264264265,0.11646738576097203
65.85285285285286,0.11648842235685139
66.07306306306307,0.11650933378517848
66.29327327327329,0.11653012116242961
66.5134834834835,0.11655078559180973
66.73369369369371,0.11657132816344959
66.95390390390392,0.11659174995459928
67.17411411411412,0.11661205202981842
67.39432432432433,0.11663223544116287
67.61453453453454,0.11665230122836831
67.83474474474475,0.11667225041903036
68.05495495495497,0.11669208402878178
68.27516516516518,0.11671180306146647
68.49537537537539,0.11673140850931027
68.7155855855856,0.11675090135308912
68.93579579579581,0.11677028256229403
69.15600600600601,0.11678955309529336
69.37621621621622,0.11680871389949213
69.59642642642643,0.11682776591148884
69.81663663663664,0.11684671005722932
70.03684684684686,0.1168655472521582
70.25705705705707,0.11688427840136767
70.47726726726728,0.11690290439974366
70.69747747747749,0.11692142613210968
70.9176876876877,0.1169398444733682
71.13789789789791,0.11695816028863953
71.35810810810811,0.11697637443339848
71.57831831831832,0.11699448775360874
71.79852852852854,0.11701250108585491
72.01873873873875,0.1170304152574725
72.23894894894896,0.11704823108667553
72.45915915915917,0.1170659493826823
72.67936936936938,0.11708357094583882
72.8995795795796,0.11710109656774038
73.1197897897898,0.11711852703135112
73.34000000000002,0.11713586311112142
73.56021021021022,0.11715310557310378
73.78042042042043,0.11717025517506637
74.00063063063064,0.11718731266660504
74.22084084084085,0.1172042787892534
74.44105105105106,0.11722115427659112
74.66126126126127,0.11723793985435053
74.88147147147149,0.11725463624052149
75.1016816816817,0.11727124414545449
75.32189189189191,0.11728776427196227
75.5421021021021,0.1173041973154197
75.76231231231232,0.1173205439638621
75.98252252252253,0.11733680489808199
76.20273273273274,0.11735298079172435
76.42294294294295,0.11736907231138038
76.64315315315316,0.11738508011667968
76.86336336336338,0.11740100486038117
77.08357357357359,0.11741684718846238
77.3037837837838,0.11743260774020747
77.52399399399401,0.11744828714829395
77.74420420420421,0.11746388603887783
77.96441441441442,0.1174794050316777
78.18462462462463,0.11749484474005731
78.40483483483484,0.117510205771107
78.62504504504506,0.11752548872572391
78.84525525525527,0.11754069419869069
79.06546546546548,0.1175558227787535
79.28567567567569,0.11757087504869833
79.5058858858859,0.11758585158542638
79.72609609609611,0.1176007529600284
79.94630630630631,0.11761557973785768
80.16651651651652,0.11763033247860202
80.38672672672674,0.1176450117363548
80.60693693693695,0.11765961805968465
80.82714714714716,0.11767415199170438
81.04735735735737,0.11768861407013864
81.26756756756758,0.1177030048273908
81.4877777777778,0.11771732479060866
81.707987987988,0.11773157448174926
81.9281981981982,0.11774575441764269
82.14840840840841,0.11775986511005507
82.36861861861863,0.11777390706575044
82.58882882882884,0.11778788078655186
82.80903903903905,0.11780178676940156
83.02924924924926,0.11781562550642033
83.24945945945947,0.11782939748496574
83.46966966966968,0.11784310318768994
83.6898798798799,0.11785674309259629
83.91009009009011,0.11787031767309529
84.1303003003003,0.11788382739805972
84.35051051051052,0.11789727273187896
84.57072072072073,0.11791065413451252
84.79093093093094,0.11792397206154284
85.01114114114115,0.1179372269642273
85.23135135135136,0.1179504192895495
85.45156156156158,0.11796354948026981
85.67177177177179,0.11797661797497523
85.891981981982,0.11798962520812853
86.11219219219221,0.11800257161011658
86.33240240240241,0.11801545760729826
86.55261261261262,0.11802828362205148
86.77282282282283,0.11804105007281954
86.99303303303304,0.11805375737415699
87.21324324324326,0.11806640593677478
87.43345345345347,0.11807899616758466
87.65366366366368,0.1180915284697432
87.87387387387389,0.11810400324269497
88.0940840840841,0.11811642088221527
88.3142942942943,0.11812878178045229
88.53450450450451,0.11814108632596847
88.75471471471472,0.11815333490378158
88.97492492492493,0.11816552789540508
89.19513513513515,0.11817766567888793
89.41534534534536,0.11818974862885384
89.63555555555557,0.11820177711654019
89.85576576576578,0.11821375150983607
90.075975975976,0.11822567217332007
90.2961861861862,0.11823753946829754
90.5163963963964,0.11824935375283724
90.73660660660661,0.11826111538180749
90.95681681681683,0.11827282470691206
91.17702702702704,0.11828448207672523
91.39723723723725,0.11829608783672672
91.61744744744746,0.1183076423293359
91.83765765765767,0.11831914589394564
92.05786786786788,0.11833059886695586
92.2780780780781,0.11834200158180633
92.49828828828831,0.11835335436900926
92.7184984984985,0.11836465755618142
92.93870870870872,0.1183759114680758
93.15891891891893,0.11838711642661287
93.37912912912914,0.11839827275091146
93.59933933933935,0.11840938075731919
93.81954954954956,0.11842044075944251
94.03975975975978,0.11843145306817637
94.25996996996999,0.11844241799173359
94.4801801801802,0.11845333583567358
94.7003903903904,0.11846420690293101
94.92060060060061,0.11847503149384395
95.14081081081082,0.11848580990618161
95.36102102102103,0.11849654243517183
95.58123123123124,0.11850722937352809
95.80144144144145,0.11851787101147641
96.02165165165167,0.11852846763678161
96.24186186186188,0.1185390195347734
96.46207207207209,0.11854952698837216
96.6822822822823,0.11855999027811429
96.9024924924925,0.11857040968217739
97.12270270270271,0.1185807854764049
97.34291291291292,0.11859111793433066
97.56312312312313,0.11860140732720303
97.78333333333335,0.11861165392400876
98.00354354354356,0.11862185799149647
98.22375375375377,0.11863201979419996
98.44396396396398,0.11864213959446124
98.66417417417419,0.11865221765245304
98.8843843843844,0.11866225422620139
99.1045945945946,0.11867224957160762
99.32480480480481,0.11868220394247027
99.54501501501503,0.11869211759050666
99.76522522522524,0.11870199076537416
99.98543543543545,0.11871182371469133
100.20564564564566,0.1187216166840586
100.42585585585587,0.11873136991707896
100.64606606606608,0.11874108365537805
100.8662762762763,0.11875075813862443
101.08648648648649,0.11876039360454915
101.3066966966967,0.11876999028896552
101.52690690690692,0.11877954842578829
101.74711711711713,0.11878906824705278
101.96732732732734,0.11879854998293372
102.18753753753755,0.11880799386176395
102.40774774774776,0.11881740011005278
102.62795795795797,0.11882676895250412
102.84816816816819,0.11883610061203456
103.0683783783784,0.11884539530979105
103.2885885885886,0.11885465326516848
103.50879879879881,0.11886387469582697
103.72900900900902,0.11887305981770911
103.94921921921923,0.11888220884505671
104.16942942942944,0.1188913219904277
104.38963963963965,0.11890039946471255
104.60984984984987,0.11890944147715063
104.83006006006008,0.1189184482353464
105.05027027027029,0.11892741994528533
105.2704804804805,0.11893635681134962
105.4906906906907,0.11894525903633388
105.71090090090091,0.11895412682146043
105.93111111111112,0.11896296036639464
106.15132132132133,0.11897175986925985
106.37153153153155,0.11898052552665232
106.59174174174176,0.11898925753365594
106.81195195195197,0.11899795608385667
107.03216216216218,0.119006621369357
107.25237237237239,0.11901525358079014
107.47258258258259,0.119023852907334
107.6927927927928,0.11903241953672505
107.91300300300301,0.11904095365527213
108.13321321321322,0.11904945544786993
108.35342342342344,0.11905792509801243
108.57363363363365,0.11906636278780613
108.79384384384386,0.11907476869798318
109.01405405405407,0.11908314300791428
109.23426426426428,0.11909148589562156
109.4544744744745,0.1190997975377912
109.67468468468469,0.11910807810978591
109.8948948948949,0.11911632778565744
110.11510510510512,0.11912454673815864
110.33531531531533,0.11913273513875577
110.55552552552554,0.11914089315764023
110.77573573573575,0.11914902096374066
110.99594594594596,0.11915711872473438
111.21615615615617,0.11916518660705917
111.43636636636639,0.11917322477592461
111.6565765765766,0.11918123339532341
111.8767867867868,0.11918921262804266
112.096996996997,0.1191971626356748
112.31720720720722,0.11920508357862865
112.53741741741743,0.11921297561614021
112.75762762762764,0.11922083890628336
112.97783783783785,0.11922867360598048
113.19804804804807,0.11923647987101291
113.41825825825828,0.11924425785603125
113.63846846846849,0.11925200771456576
113.85867867867869,0.11925972959903633
114.0788888888889,0.11926742366076261
114.29909909909911,0.1192750900499739
114.51930930930932,0.11928272891581895
114.73951951951953,0.1192903404063757
114.95972972972974,0.11929792466866088
115.17993993993996,0.11930548184863941
115.40015015015017,0.11931301209123395
115.62036036036038,0.11932051554033407
115.84057057057059,0.11932799233880553
116.06078078078079,0.11933544262849934
116.280990990991,0.11934286655026072
116.50120120120121,0.1193502642439381
116.72141141141142,0.11935763584839189
116.94162162162164,0.11936498150150313
117.16183183183185,0.11937230134018223
117.38204204204206,0.1193795955003774
117.60225225225227,0.11938686411708319
117.82246246246248,0.11939410732434876
118.0426726726727,0.11940132525528618
118.26288288288289,0.11940851804207865
118.4830930930931,0.11941568581598856
118.70330330330331,0.11942282870736545
118.92351351351353,0.11942994684565407
119.14372372372374,0.11943704035940203
119.36393393393395,0.1194441093762678
119.58414414414416,0.1194511540230282
119.80435435435437,0.11945817442558607
120.02456456456459,0.11946517070897782
120.24477477477478,0.11947214299738082
120.464984984985,0.11947909141412086
120.6851951951952,0.11948601608167933
120.90540540540542,0.11949291712170051
121.12561561561563,0.11949979465499876
121.34582582582584,0.1195066488015654
121.56603603603605,0.11951347968057599
121.78624624624626,0.11952028741039704
122.00645645645648,0.11952707210859292
122.22666666666669,0.11953383389193274
122.44687687687689,0.11954057287639691
122.6670870870871,0.11954728917718392
122.88729729729731,0.11955398290871694
123.10750750750752,0.11956065418465016
123.32771771771773,0.11956730311787547
123.54792792792794,0.11957392982052868
123.76813813813816,0.11958053440399592
123.98834834834837,0.1195871169789199
124.20855855855858,0.11959367765520602
124.42876876876879,0.11960021654202867
124.64897897897899,0.11960673374783713
124.8691891891892,0.11961322938036172
125.08939939939941,0.11961970354661962
125.30960960960962,0.11962615635292093
125.52981981981983,0.11963258790487433
125.75003003003005,0.11963899830739298
125.97024024024026,0.1196453876647002
126.19045045045047,0.11965175608033515
126.41066066066068,0.1196581036571584
126.63087087087088,0.11966443049735752
126.85108108108109,0.11967073670245257
127.0712912912913,0.11967702237330156
127.29150150150151,0.11968328761010583
127.51171171171173,0.11968953251241532
127.73192192192194,0.119695757179134
127.95213213213215,0.11970196170852503
128.17234234234235,0.11970814619821588
128.39255255255256,0.11971431074520358
128.61276276276277,0.11972045544585976
128.83297297297298,0.11972658039593563
129.0531831831832,0.11973268569056708
129.2733933933934,0.11973877142427952
129.49360360360362,0.1197448376909928
129.71381381381383,0.1197508845840261
129.934024024024,0.11975691219610267
130.15423423423422,0.11976292061935462
130.37444444444444,0.11976890994532755
130.59465465465465,0.11977488026498537
130.81486486486486,0.11978083166871473
131.03507507507507,0.11978676424632972
131.25528528528528,0.11979267808707642
131.4754954954955,0.11979857327963722
131.6957057057057,0.11980444991213546
131.91591591591592,0.11981030807213972
132.13612612612613,0.11981614784666818
132.35633633633634,0.11982196932219302
132.57654654654655,0.11982777258464462
132.79675675675676,0.11983355771941584
133.01696696696698,0.11983932481136621
133.2371771771772,0.11984507394482605
133.4573873873874,0.11985080520360065
133.6775975975976,0.11985651867097437
133.89780780780782,0.11986221442971456
134.118018018018,0.11986789256207574
134.33822822822822,0.11987355314980341
134.55843843843843,0.11987919627413812
134.77864864864864,0.11988482201581921
134.99885885885885,0.11989043045508888
135.21906906906906,0.11989602167169577
135.43927927927928,0.11990159574489898
135.6594894894895,0.11990715275347166
135.8796996996997,0.11991269277570481
136.0999099099099,0.11991821588941093
136.32012012012012,0.11992372217192769
136.54033033033033,0.11992921170012157
136.76054054054055,0.11993468455039138
136.98075075075076,0.1199401407986719
137.20096096096097,0.11994558052043731
137.42117117117118,0.11995100379070481
137.6413813813814,0.11995641068403784
137.8615915915916,0.1199618012745498
138.08180180180182,0.11996717563590721
138.302012012012,0.11997253384133323
138.5222222222222,0.11997787596361088
138.74243243243242,0.11998320207508638
138.96264264264263,0.11998851224767249
139.18285285285285,0.11999380655285166
139.40306306306306,0.11999908506167929
139.62327327327327,0.1200043478447869
139.84348348348348,0.12000959497238534
140.0636936936937,0.12001482651426781
140.2839039039039,0.1200200425398131
140.50411411411412,0.12002524311798854
140.72432432432433,0.12003042831735312
140.94453453453454,0.12003559820606048
141.16474474474475,0.12004075285186196
141.38495495495496,0.12004589232210944
141.60516516516518,0.12005101668375842
141.8253753753754,0.12005612600337084
142.0455855855856,0.12006122034711803
142.2657957957958,0.12006629978078352
142.48600600600602,0.12007136436976593
142.7062162162162,0.12007641417908173
142.92642642642642,0.12008144927336806
143.14663663663663,0.1200864697168855
143.36684684684684,0.12009147557352079
143.58705705705705,0.12009646690678955
143.80726726726726,0.120101443779839
144.02747747747748,0.12010640625545058
144.2476876876877,0.12011135439604263
144.4678978978979,0.12011628826367302
144.6881081081081,0.1201212079200417
144.90831831831832,0.12012611342649335
145.12852852852853,0.12013100484401987
145.34873873873875,0.12013588223326294
145.56894894894896,0.12014074565451657
145.78915915915917,0.12014559516772949
146.00936936936938,0.12015043083250775
146.2295795795796,0.12015525270811704
146.4497897897898,0.12016006085348521
146.67000000000002,0.12016485532720464
146.8902102102102,0.12016963618753458
147.1104204204204,0.12017440349240362
147.33063063063062,0.12017915729941193
147.55084084084083,0.12018389766583366
147.77105105105105,0.1201886246486192
147.99126126126126,0.12019333830439748
148.21147147147147,0.12019803868947822
148.43168168168168,0.12020272585985424
148.6518918918919,0.12020739987120359
148.8721021021021,0.12021206077889184
149.09231231231232,0.12021670863797422
149.31252252252253,0.12022134350319785
149.53273273273274,0.12022596542900381
149.75294294294295,0.12023057446952935
149.97315315315316,0.12023517067860998
150.19336336336337,0.12023975410978156
150.4135735735736,0.12024432481628242
150.6337837837838,0.12024888285105535
150.853993993994,0.12025342826674974
151.0742042042042,0.12025796111572358
151.2944144144144,0.12026248145004542
151.51462462462462,0.12026698932149645
151.73483483483483,0.12027148478157242
151.95504504504504,0.1202759678814856
152.17525525525525,0.12028043867216685
152.39546546546546,0.12028489720426735
152.61567567567567,0.1202893435281607
152.8358858858859,0.1202937776939447
153.0560960960961,0.1202981997514433
153.2763063063063,0.12030260975020848
153.49651651651652,0.120307007739522
153.71672672672673,0.1203113937683974
153.93693693693695,0.12031576788558168
154.15714714714716,0.1203201301395572
154.37735735735737,0.1203244805785434
154.59756756756758,0.12032881925049871
154.8177777777778,0.12033314620312213
155.037987987988,0.12033746148385514
155.25819819819822,0.12034176513988339
155.4784084084084,0.12034605721813833
155.6986186186186,0.12035033776529909
155.91882882882882,0.12035460682779404
156.13903903903903,0.12035886445180254
156.35924924924925,0.12036311068325653
156.57945945945946,0.12036734556784233
156.79966966966967,0.12037156915100211
157.01987987987988,0.12037578147793565
157.2400900900901,0.12037998259360191
157.4603003003003,0.12038417254272057
157.68051051051052,0.12038835136977374
157.90072072072073,0.12039251911900746
158.12093093093094,0.12039667583443323
158.34114114114115,0.1204008215598297
158.56135135135136,0.12040495633874405
158.78156156156157,0.12040908021449365
159.00177177177179,0.1204131932301674
159.221981981982,0.12041729542862749
159.4421921921922,0.12042138685251066
159.6624024024024,0.12042546754422981
159.8826126126126,0.12042953754597541
160.10282282282282,0.12043359689971697
160.32303303303303,0.12043764564720448
160.54324324324324,0.12044168382996989
160.76345345345345,0.12044571148932848
160.98366366366366,0.12044972866638026
161.20387387387387,0.12045373540201144
161.4240840840841,0.12045773173689574
161.6442942942943,0.12046171771149582
161.8645045045045,0.12046569336606468
162.08471471471472,0.1204696587406469
162.30492492492493,0.12047361387508007
162.52513513513514,0.12047755880899616
162.74534534534536,0.1204814935818228
162.96555555555557,0.1204854182327845
163.18576576576578,0.1204893328009042
163.405975975976,0.12049323732500429
163.6261861861862,0.12049713184370811
163.8463963963964,0.12050101639544107
164.0666066066066,0.12050489101843206
164.2868168168168,0.12050875575071457
164.50702702702702,0.12051261063012803
164.72723723723723,0.120516455694319
164.94744744744744,0.12052029098074242
165.16765765765766,0.12052411652666283
165.38786786786787,0.12052793236915554
165.60807807807808,0.1205317385451079
165.8282882882883,0.12053553509122045
166.0484984984985,0.12053932204400801
166.26870870870871,0.12054309943980111
166.48891891891893,0.12054686731474683
166.70912912912914,0.12055062570481019
166.92933933933935,0.12055437464577523
167.14954954954956,0.1205581141732461
167.36975975975977,0.12056184432264827
167.58996996996999,0.12056556512922953
167.8101801801802,0.12056927662806127
168.0303903903904,0.12057297885403943
168.2506006006006,0.12057667184188568
168.4708108108108,0.12058035562614848
168.69102102102102,0.12058403024120416
168.91123123123123,0.12058769572125802
169.13144144144144,0.12059135210034534
169.35165165165165,0.12059499941233248
169.57186186186186,0.12059863769091789
169.79207207207207,0.12060226696963319
170.01228228228229,0.1206058872818442
170.2324924924925,0.12060949866075191
170.4527027027027,0.12061310113939352
170.67291291291292,0.1206166947506435
170.89312312312313,0.12062027952721455
171.11333333333334,0.12062385550165859
171.33354354354356,0.12062742270636774
171.55375375375377,0.12063098117357535
171.77396396396398,0.12063453093535687
171.9941741741742,0.12063807202363096
172.2143843843844,0.12064160447016033
172.43459459459459,0.12064512830655272
172.6548048048048,0.12064864356426185
172.875015015015,0.12065215027458843
173.09522522522522,0.12065564846868096
173.31543543543543,0.1206591381775367
173.53564564564564,0.1206626194320027
173.75585585585586,0.12066609226277647
173.97606606606607,0.12066955670040716
174.19627627627628,0.12067301277529624
174.4164864864865,0.12067646051769855
174.6366966966967,0.12067989995772302
174.85690690690691,0.12068333112533369
175.07711711711713,0.12068675405035056
175.29732732732734,0.12069016876245034
175.51753753753755,0.12069357529116746
175.73774774774776,0.12069697366589484
175.95795795795797,0.12070036391588473
176.17816816816818,0.1207037460702496
176.3983783783784,0.12070712015796294
176.61858858858858,0.12071048620786008
176.8387987987988,0.12071384424863904
177.059009009009,0.12071719430886135
177.27921921921921,0.12072053641695285
177.49942942942943,0.12072387060120442
177.71963963963964,0.12072719688977296
177.93984984984985,0.120730515310682
178.16006006006006,0.12073382589182258
178.38027027027027,0.12073712866095401
178.60048048048048,0.12074042364570468
178.8206906906907,0.12074371087357279
179.0409009009009,0.1207469903719271
179.26111111111112,0.12075026216800777
179.48132132132133,0.12075352628892703
179.70153153153154,0.12075678276166998
179.92174174174176,0.12076003161309531
180.14195195195197,0.12076327286993609
180.36216216216218,0.12076650655880039
180.5823723723724,0.12076973270617215
180.8025825825826,0.12077295133841182
181.02279279279279,0.12077616248175709
181.243003003003,0.12077936616232358
181.4632132132132,0.12078256240610567
181.68342342342342,0.120785751238977
181.90363363363363,0.12078893268669136
182.12384384384384,0.12079210677488328
182.34405405405406,0.12079527352906876
182.56426426426427,0.12079843297464592
182.78447447447448,0.12080158513689572
183.0046846846847,0.1208047300409826
183.2248948948949,0.12080786771195517
183.4451051051051,0.12081099817474693
183.66531531531533,0.12081412145417676
183.88552552552554,0.12081723757494978
184.10573573573575,0.1208203465616579
184.32594594594596,0.12082344843878046
184.54615615615617,0.12082654323068487
184.76636636636638,0.12082963096162735
184.9865765765766,0.12083271165575342
185.20678678678678,0.12083578533709866
185.426996996997,0.12083885202958917
185.6472072072072,0.12084191175704243
185.8674174174174,0.12084496454316766
186.08762762762763,0.12084801041156666
186.30783783783784,0.12085104938573424
186.52804804804805,0.12085408148905892
186.74825825825826,0.12085710674482354
186.96846846846847,0.1208601251762058
187.18867867867868,0.12086313680627887
187.4088888888889,0.12086614165801204
187.6290990990991,0.12086913975427122
187.84930930930932,0.12087213111781951
188.06951951951953,0.1208751157713179
188.28972972972974,0.12087809373732573
188.50993993993995,0.12088106503830132
188.73015015015017,0.12088402969660243
188.95036036036038,0.120886987734487
189.1705705705706,0.12088993917411354
189.39078078078077,0.12089288403754178
189.61099099099098,0.1208958223467332
189.8312012012012,0.12089875412355156
190.0514114114114,0.12090167938976341
190.27162162162162,0.12090459816703877
190.49183183183183,0.12090751047695147
190.71204204204204,0.12091041634097983
190.93225225225225,0.12091331578050714
191.15246246246247,0.12091620881682215
191.37267267267268,0.12091909547111965
191.5928828828829,0.12092197576450095
191.8130930930931,0.12092484971797446
192.0333033033033,0.12092771735245605
192.25351351351352,0.12093057868876977
192.47372372372374,0.12093343374764813
192.69393393393395,0.12093628254973282
192.91414414414416,0.12093912511557503
193.13435435435437,0.12094196146563604
193.35456456456458,0.12094479162028768
193.5747747747748,0.12094761559981286
193.79498498498498,0.12095043342440596
194.0151951951952,0.12095324511417346
194.2354054054054,0.12095605068913423
194.4556156156156,0.12095885016922019
194.67582582582583,0.12096164357427666
194.89603603603604,0.12096443092406287
195.11624624624625,0.12096721223825246
195.33645645645646,0.12096998753643388
195.55666666666667,0.1209727568381109
195.77687687687688,0.12097552016270302
195.9970870870871,0.12097827752954596
196.2172972972973,0.12098102895789213
196.43750750750752,0.12098377446691104
196.65771771771773,0.12098651407568974
196.87792792792794,0.12098924780323331
197.09813813813815,0.12099197566846524
197.31834834834837,0.12099469769022793
197.53855855855858,0.12099741388728308
197.7587687687688,0.12100012427831211
197.97897897897897,0.12100282888191666
198.19918918918918,0.12100552771661892
198.4193993993994,0.12100822080086215
198.6396096096096,0.12101090815301101
198.85981981981982,0.12101358979135207
199.08003003003003,0.1210162657340941
199.30024024024024,0.12101893599936865
199.52045045045045,0.12102160060523033
199.74066066066067,0.1210242595696572
199.96087087087088,0.12102691291055132
200.1810810810811,0.12102956064573903
200.4012912912913,0.12103220279297136
200.6215015015015,0.12103483936992449
200.84171171171172,0.12103747039420007
201.06192192192194,0.12104009588332565
201.28213213213215,0.1210427158547551
201.50234234234236,0.12104533032586892
201.72255255255257,0.12104793931397473
201.94276276276278,0.12105054283630749
202.16297297297297,0.12105314091003008
202.38318318318318,0.12105573355223356
202.6033933933934,0.1210583207799375
202.8236036036036,0.12106090261009049
203.0438138138138,0.12106347905957039
203.26402402402402,0.12106605014518478
203.48423423423424,0.12106861588367125
203.70444444444445,0.12107117629169785
203.92465465465466,0.12107373138586336
204.14486486486487,0.12107628118269775
204.36507507507508,0.12107882569866246
204.5852852852853,0.12108136495015073
204.8054954954955,0.12108389895348806
205.02570570570572,0.12108642772493246
205.24591591591593,0.12108895128067489
205.46612612612614,0.12109146963683948
205.68633633633635,0.121093982809484
205.90654654654656,0.12109649081460014
206.12675675675678,0.12109899366811384
206.346966966967,0.12110149138588566
206.56717717717717,0.12110398398371114
206.78738738738738,0.12110647147732098
207.0075975975976,0.12110895388238162
207.2278078078078,0.12111143121449534
207.44801801801802,0.12111390348920074
207.66822822822823,0.121116370721973
207.88843843843844,0.12111883292822415
208.10864864864865,0.12112129012330351
208.32885885885887,0.12112374232249798
208.54906906906908,0.12112618954103224
208.7692792792793,0.12112863179406923
208.9894894894895,0.12113106909671036
209.2096996996997,0.12113350146399583
209.42990990990992,0.121135928910905
209.65012012012014,0.12113835145235662
209.87033033033035,0.12114076910320919
210.09054054054056,0.12114318187826126
210.31075075075077,0.12114558979225169
210.53096096096098,0.12114799285986
210.75117117117117,0.12115039109570663
210.97138138138138,0.12115278451435328
211.1915915915916,0.12115517313030315
211.4118018018018,0.1211575569580013
211.632012012012,0.12115993601183489
211.85222222222222,0.12116231030613345
212.07243243243244,0.12116467985516925
212.29264264264265,0.12116704467315752
212.51285285285286,0.12116940477425675
212.73306306306307,0.12117176017256898
212.95327327327328,0.12117411088214007
213.1734834834835,0.12117645691696001
213.3936936936937,0.12117879829096315
213.61390390390392,0.1211811350180285
213.83411411411413,0.12118346711198003
214.05432432432434,0.12118579458658689
214.27453453453455,0.12118811745556374
214.49474474474476,0.12119043573257096
214.71495495495498,0.12119274943121496
214.93516516516516,0.12119505856504842
215.15537537537537,0.1211973631475706
215.37558558558558,0.12119966319222754
215.5957957957958,0.12120195871241238
215.816006006006,0.12120424972146555
216.03621621621622,0.12120653623267513
216.25642642642643,0.12120881825927703
216.47663663663664,0.12121109581445523
216.69684684684685,0.1212133689113421
216.91705705705706,0.12121563756301865
217.13726726726728,0.12121790178251468
217.3574774774775,0.12122016158280918
217.5776876876877,0.12122241697683044
217.7978978978979,0.1212246679774564
218.01810810810812,0.12122691459751485
218.23831831831833,0.12122915684978362
218.45852852852855,0.12123139474699096
218.67873873873876,0.12123362830181568
218.89894894894897,0.12123585752688734
219.11915915915918,0.12123808243478668
219.33936936936936,0.12124030303804563
219.55957957957958,0.1212425193491477
219.7797897897898,0.12124473138052817
220.0,0.1212469391445743
