vel_fit,tau_fit
0.01,0.008271250399522808
0.23021021021021024,0.023474712660338237
0.45042042042042046,0.029292699889882787
0.6706306306306307,0.03337203789620055
0.8908408408408409,0.03660131590651982
1.1110510510510512,0.03930880167066715
1.3312612612612613,0.04165700342035859
1.5514714714714717,0.04373977581870176
1.7716816816816818,0.04561685688916354
1.991891891891892,0.04732892187773561
2.212102102102102,0.04890507754890208
2.4323123123123125,0.050366963935759373
2.6525225225225224,0.051731165445609295
2.8727327327327328,0.053010709667500266
3.092942942942943,0.05421604201582457
3.313153153153153,0.0553556835023186
3.5333633633633634,0.05643668870914366
3.753573573573574,0.057464973228857345
3.9737837837837837,0.058445553196264516
4.1939939939939945,0.05938272404295519
4.4142042042042045,0.0602801962564045
4.634414414414414,0.06114120010106694
4.854624624624625,0.061968567526750104
5.074834834834835,0.06276479703776808
5.295045045045045,0.06353210564949444
5.515255255255256,0.06427247093040332
5.735465465465466,0.06498766534027689
5.955675675675676,0.06567928451678925
6.1758858858858865,0.06634877076061801
6.396096096096096,0.06699743267579668
6.616306306306306,0.06762646170514301
6.836516516516517,0.06823694613843584
7.056726726726727,0.06882988304845122
7.276936936936937,0.06940618851640855
7.497147147147148,0.06996670643628898
7.717357357357358,0.07051221613146301
7.937567567567568,0.07104343897316462
8.157777777777778,0.07156104415569195
8.37798798798799,0.07206565375565621
8.5981981981982,0.07255784718053826
8.81840840840841,0.07303816509404008
9.038618618618619,0.07350711289131436
9.258828828828829,0.07396516378541486
9.479039039039039,0.0744127615566908
9.69924924924925,0.07485032300892441
9.91945945945946,0.07527824016945407
10.13966966966967,0.07569688226507278
10.35987987987988,0.07610659750093918
10.58009009009009,0.07650771466592043
10.8003003003003,0.07690054458457113
11.020510510510512,0.07728538143323688
11.240720720720722,0.07766250393546534
11.460930930930932,0.07803217644994731
11.681141141141142,0.07839464996253394
11.901351351351352,0.0787501629924418
12.121561561561562,0.07909894242152297
12.341771771771773,0.07944120425441448
12.561981981981983,0.07977715431646161
12.782192192192193,0.08010698889551308
13.002402402402403,0.0804308953329932
13.222612612612613,0.0807490525690524
13.442822822822823,0.08106163164607086
13.663033033033035,0.08136879617432784
13.883243243243244,0.08167070276324435
14.103453453453454,0.0819675014212507
14.323663663663664,0.08225933592701604
14.543873873873874,0.08254634417450003
14.764084084084086,0.08282865849404103
14.984294294294296,0.0831064059514774
15.204504504504506,0.08337970862710559
15.424714714714716,0.08364868387610604
15.644924924924926,0.08391344457191484
15.865135135135136,0.08417409933388179
16.08534534534535,0.08443075274043293
16.305555555555557,0.08468350552884601
16.52576576576577,0.08493245478264834
16.74597597597598,0.0851776941075581
16.96618618618619,0.08541931379681039
17.1863963963964,0.0856574009866373
17.40660660660661,0.08589203980260644
17.62681681681682,0.08612331149746344
17.84702702702703,0.08635129458107133
18.06723723723724,0.08657606494299093
18.28744744744745,0.08679769596820319
18.50765765765766,0.0870162586464342
18.72786786786787,0.08723182167550829
18.94807807807808,0.08744445155912067
19.16828828828829,0.08765421269939208
19.388498498498503,0.08786116748453972
19.60870870870871,0.08806537637197444
19.828918918918923,0.08826689796711071
20.04912912912913,0.08846578909815503
20.269339339339343,0.08866210488711967
20.48954954954955,0.08885589881729042
20.709759759759763,0.0890472227973611
20.929969969969974,0.08923612722243279
21.150180180180183,0.08942266103206183
21.370390390390394,0.08960687176552819
21.590600600600602,0.08978880561448405
21.810810810810814,0.08996850747313186
22.031021021021026,0.09014602098607091
22.251231231231234,0.09032138859394288
22.471441441441446,0.0904946515769977
22.691651651651654,0.09066585009669342
22.911861861861865,0.09083502323543724
23.132072072072077,0.0910022090345665
23.352282282282285,0.09116744453066414
23.572492492492497,0.09133076579029567
23.792702702702705,0.09149220794325039
24.012912912912917,0.09165180521436399
24.233123123123125,0.09180959095399531
24.453333333333337,0.09196559766722541
24.67354354354355,0.09211985704184351
24.893753753753757,0.09227239997518
25.11396396396397,0.0924232565998437
25.334174174174176,0.09257245630841694
25.554384384384388,0.09272002777715918
25.7745945945946,0.09286599898876688
25.994804804804808,0.09301039725423457
26.21501501501502,0.09315324923386004
26.435225225225228,0.09329458095743327
26.65543543543544,0.09343441784364784
26.875645645645648,0.09357278471876991
27.09585585585586,0.09370970583459964
27.31606606606607,0.09384520488575655
27.53627627627628,0.09397930502631958
27.75648648648649,0.09411202888585087
27.9766966966967,0.09424339858483012
28.19690690690691,0.09437343574952624
28.417117117117122,0.09450216152633009
28.63732732732733,0.09462959659557223
28.857537537537542,0.09475576118484767
29.07774774774775,0.09488067508186877
29.297957957957962,0.09500435764686593
29.518168168168174,0.09512682782455573
29.738378378378382,0.09524810415569411
29.958588588588594,0.09536820478823198
30.178798798798802,0.09548714748808958
30.399009009009013,0.09560494964956527
30.61921921921922,0.09572162830539348
30.839429429429433,0.09583720013646611
31.059639639639645,0.09595168148123066
31.279849849849853,0.0960650883447781
31.500060060060065,0.0961774364076327
31.720270270270273,0.09628874103425544
31.940480480480485,0.09639901728127229
32.16069069069069,0.09650827990543778
32.380900900900905,0.09661654337134437
32.60111111111111,0.09672382185888685
32.82132132132132,0.09683012927049173
33.04153153153153,0.09693547923811965
33.261741741741744,0.09703988513005016
33.481951951951956,0.09714336005745612
33.70216216216216,0.09724591688077643
33.92237237237237,0.09734756821589344
34.142582582582584,0.09744832644012318
34.362792792792796,0.09754820369802444
34.583003003003,0.0976472119070338
34.80321321321321,0.09774536276293214
35.023423423423424,0.0978426677451496
35.243633633633635,0.09793913812191371
35.46384384384385,0.09803478495524691
35.68405405405405,0.09812961910581842
35.90426426426426,0.09822365123765558
36.124474474474475,0.09831689182271945
36.34468468468469,0.09840935114534954
36.5648948948949,0.0985010393065818
36.7851051051051,0.09859196622834457
37.005315315315315,0.09868214165753622
37.225525525525526,0.09877157516998879
37.44573573573574,0.0988602761743212
37.66594594594595,0.09894825391568571
37.886156156156154,0.0990355174794114
38.106366366366366,0.09912207579454767
38.32657657657658,0.09920793763731131
38.54678678678679,0.09929311163444023
38.766996996997,0.09937760626645656
38.987207207207206,0.09946142987084265
39.20741741741742,0.09954459064513206
39.42762762762763,0.0996270966499187
39.64783783783784,0.09970895581178649
39.86804804804805,0.09979017592616217
40.08825825825826,0.09987076466009355
40.30846846846847,0.09995072955495561
40.52867867867868,0.10003007802908655
40.74888888888889,0.1001088173803561
40.9690990990991,0.10018695478866811
41.18930930930931,0.10026449731839929
41.40951951951952,0.10034145192077627
41.62972972972973,0.10041782543619265
41.849939939939944,0.10049362459646796
42.07015015015015,0.10056885602705008
42.29036036036036,0.10064352624916309
42.51057057057057,0.10071764168190189
42.73078078078078,0.10079120864427529
42.950990990990995,0.1008642333571991
43.1712012012012,0.10093672194544048
43.39141141141141,0.10100868043951532
43.61162162162162,0.10108011477753956
43.831831831831835,0.10115103080703627
44.052042042042046,0.10122143428669918
44.27225225225225,0.10129133088811446
44.49246246246246,0.1013607261974415
44.712672672672674,0.10142962571705422
44.932882882882886,0.10149803486714348
45.1530930930931,0.10156595898728243
45.3733033033033,0.10163340333795505
45.593513513513514,0.10170037310204946
45.813723723723726,0.1017668733863167
46.03393393393394,0.10183290922279599
46.25414414414415,0.10189848557020738
46.474354354354354,0.1019636073153127
46.694564564564566,0.10202827927424565
46.91477477477478,0.10209250619381181
47.13498498498499,0.10215629275275949
47.35519519519519,0.10221964356302203
47.575405405405405,0.10228256317093255
47.79561561561562,0.10234505605841158
48.01582582582583,0.10240712664412857
48.23603603603604,0.10246877928463775
48.456246246246245,0.1025300182754891
48.67645645645646,0.1025908478523151
48.89666666666667,0.10265127219189389
49.11687687687688,0.10271129541318925
49.33708708708709,0.10277092157836842
49.557297297297296,0.10283015469379782
49.77750750750751,0.1028889987110175
49.99771771771772,0.10294745752769517
50.21792792792793,0.10300553498855941
50.43813813813814,0.10306323488631368
50.65834834834835,0.10312056096253085
50.87855855855856,0.10317751690852897
51.09876876876877,0.10323410636622889
51.31897897897898,0.10329033292899392
51.539189189189194,0.10334620014245206
51.7593993993994,0.10340171150530149
51.97960960960961,0.1034568704700992
52.19981981981982,0.10351168044403371
52.420030030030034,0.1035661447896819
52.640240240240246,0.10362026682575053
52.86045045045045,0.10367404982780266
53.08066066066066,0.10372749702896954
53.300870870870874,0.10378061162064806
53.521081081081086,0.10383339675318441
53.74129129129129,0.10388585553654392
53.9615015015015,0.10393799104096772
54.18171171171171,0.1039898062976164
54.401921921921925,0.10404130429920085
54.62213213213214,0.10409248800060088
54.84234234234234,0.10414336031947165
55.06255255255255,0.10419392413683817
55.282762762762765,0.10424418229767848
55.50297297297298,0.10429413761149531
55.72318318318319,0.10434379285287673
55.94339339339339,0.10439315076204635
56.163603603603605,0.10444221404540242
56.383813813813816,0.10449098537604712
56.60402402402403,0.10453946739430559
56.82423423423424,0.10458766270823505
57.044444444444444,0.10463557389412444
57.264654654654656,0.10468320349698464
57.48486486486487,0.10473055403102936
57.70507507507508,0.10477762798014724
57.92528528528529,0.104824427798365
58.145495495495496,0.10487095591030204
58.36570570570571,0.10491721471161666
58.58591591591592,0.10496320656944401
58.80612612612613,0.10500893382282606
59.02633633633634,0.10505439878313351
59.24654654654655,0.10509960373448035
59.46675675675676,0.10514455093413048
59.68696696696697,0.10518924261289726
59.90717717717718,0.10523368097553565
60.12738738738739,0.10527786820112739
60.3475975975976,0.10532180644345927
60.56780780780781,0.10536549783139457
60.78801801801802,0.1054089444692379
61.00822822822823,0.1054521484370936
61.22843843843844,0.10549511179121776
61.44864864864865,0.10553783656436393
61.66885885885886,0.10558032476612295
61.88906906906907,0.10562257838325663
62.109279279279285,0.10566459938002574
62.32948948948949,0.10570638969851208
62.5496996996997,0.10574795125893525
62.76990990990991,0.10578928595996362
62.990120120120125,0.10583039567902013
63.210330330330336,0.10587128227258283
63.43054054054054,0.1059119475764801
63.65075075075075,0.10595239340618104
63.870960960960964,0.10599262155708067
64.09117117117118,0.10603263380478054
64.3113813813814,0.1060724319053643
64.5315915915916,0.10611201759566893
64.75180180180182,0.10615139259355114
64.97201201201202,0.10619055859814934
65.19222222222223,0.10622951729014145
65.41243243243244,0.10626827033199805
65.63264264264265,0.10630681936823168
65.85285285285286,0.10634516602564167
66.07306306306307,0.10638331191355518
66.29327327327329,0.10642125862406414
66.5134834834835,0.10645900773225832
66.73369369369371,0.10649656079645459
66.95390390390392,0.10653391935842235
67.17411411411412,0.10657108494360552
67.39432432432433,0.10660805906134065
67.61453453453454,0.10664484320507155
67.83474474474475,0.1066814388525607
68.05495495495497,0.10671784746609693
68.27516516516518,0.10675407049269994
68.49537537537539,0.10679010936432155
68.7155855855856,0.10682596549804364
68.93579579579581,0.10686164029627304
69.15600600600601,0.10689713514693328
69.37621621621622,0.10693245142365329
69.59642642642643,0.1069675904859532
69.81663663663664,0.10700255367942707
70.03684684684686,0.10703734233592292
70.25705705705707,0.10707195777371983
70.47726726726728,0.10710640129770234
70.69747747747749,0.10714067419953202
70.9176876876877,0.1071747777578166
71.13789789789791,0.10720871323827624
71.35810810810811,0.10724248189390741
71.57831831831832,0.10727608496514413
71.79852852852854,0.10730952368001681
72.01873873873875,0.10734279925430865
72.23894894894896,0.10737591289170961
72.45915915915917,0.10740886578396812
72.67936936936938,0.10744165911104037
72.8995795795796,0.10747429404123741
73.1197897897898,0.10750677173137009
73.34000000000002,0.10753909332689167
73.56021021021022,0.10757125996203845
73.78042042042043,0.10760327275996809
74.00063063063064,0.10763513283289619
74.22084084084085,0.10766684128223039
74.44105105105106,0.10769839919870294
74.66126126126127,0.10772980766250094
74.88147147147149,0.10776106774339494
75.1016816816817,0.10779218050086534
75.32189189189191,0.10782314698422722
75.5421021021021,0.10785396823275326
75.76231231231232,0.10788464527579467
75.98252252252253,0.10791517913290068
76.20273273273274,0.10794557081393598
76.42294294294295,0.10797582131919674
76.64315315315316,0.10800593163952464
76.86336336336338,0.10803590275641962
77.08357357357359,0.10806573564215069
77.3037837837838,0.10809543125986523
77.52399399399401,0.10812499056369688
77.74420420420421,0.1081544144988718
77.96441441441442,0.10818370400181317
78.18462462462463,0.10821286000024466
78.40483483483484,0.10824188341329212
78.62504504504506,0.10827077515158386
78.84525525525527,0.10829953611734963
79.06546546546548,0.10832816720451814
79.28567567567569,0.10835666929881316
79.5058858858859,0.10838504327784837
79.72609609609611,0.10841329001122084
79.94630630630631,0.10844141036060324
80.16651651651652,0.1084694051798347
80.38672672672674,0.10849727531501042
80.60693693693695,0.10852502160457021
80.82714714714716,0.10855264487938547
81.04735735735737,0.10858014596284535
81.26756756756758,0.10860752567094148
81.4877777777778,0.10863478481235156
81.707987987988,0.10866192418852201
81.9281981981982,0.10868894459374914
82.14840840840841,0.10871584681525963
82.36861861861863,0.1087426316332895
82.58882882882884,0.1087692998211624
82.80903903903905,0.10879585214536655
83.02924924924926,0.10882228936563083
83.24945945945947,0.10884861223499968
83.46966966966968,0.10887482149990722
83.6898798798799,0.10890091790025011
83.91009009009011,0.10892690216945972
84.1303003003003,0.10895277503457304
84.35051051051052,0.10897853721630298
84.57072072072073,0.1090041894291074
84.79093093093094,0.10902973238125759
85.01114114114115,0.10905516677490538
85.23135135135136,0.1090804933061499
85.45156156156158,0.10910571266510306
85.67177177177179,0.10913082553595438
85.891981981982,0.10915583259703482
86.11219219219221,0.10918073452087995
86.33240240240241,0.10920553197429222
86.55261261261262,0.10923022561840236
86.77282282282283,0.10925481610873007
86.99303303303304,0.10927930409524389
87.21324324324326,0.10930369022242037
87.43345345345347,0.1093279751293023
87.65366366366368,0.10935215944955644
87.87387387387389,0.10937624381153026
88.0940840840841,0.10940022883830818
88.3142942942943,0.10942411514776693
88.53450450450451,0.1094479033526303
88.75471471471472,0.10947159406052315
88.97492492492493,0.10949518787402474
89.19513513513515,0.10951868539072142
89.41534534534536,0.10954208720325859
89.63555555555557,0.10956539389939213
89.85576576576578,0.10958860606203903
90.075975975976,0.10961172426932748
90.2961861861862,0.10963474909464636
90.5163963963964,0.109657681106694
90.73660660660661,0.10968052086952644
90.95681681681683,0.10970326894260506
91.17702702702704,0.10972592588084361
91.39723723723725,0.10974849223465466
91.61744744744746,0.10977096854999548
91.83765765765767,0.10979335536841336
92.05786786786788,0.1098156532270904
92.2780780780781,0.10983786265888765
92.49828828828831,0.10985998419238885
92.7184984984985,0.10988201835194356
92.93870870870872,0.10990396565770975
93.15891891891893,0.10992582662569594
93.37912912912914,0.10994760176780272
93.59933933933935,0.10996929159186393
93.81954954954956,0.10999089660168714
94.03975975975978,0.11001241729709388
94.25996996996999,0.11003385417395911
94.4801801801802,0.11005520772425054
94.7003903903904,0.1100764784360671
94.92060060060061,0.11009766679367737
95.14081081081082,0.11011877327755716
95.36102102102103,0.11013979836442696
95.58123123123124,0.11016074252728866
95.80144144144145,0.11018160623546217
96.02165165165167,0.11020238995462123
96.24186186186188,0.11022309414682911
96.46207207207209,0.11024371927057373
96.6822822822823,0.11026426578080242
96.9024924924925,0.11028473412895622
97.12270270270271,0.11030512476300385
97.34291291291292,0.11032543812747525
97.56312312312313,0.11034567466349475
97.78333333333335,0.11036583480881373
98.00354354354356,0.11038591899784315
98.22375375375377,0.11040592766168547
98.44396396396398,0.11042586122816632
98.66417417417419,0.11044572012186578
98.8843843843844,0.11046550476414922
99.1045945945946,0.110485215573198
99.32480480480481,0.11050485296403958
99.54501501501503,0.11052441734857739
99.76522522522524,0.11054390913562039
99.98543543543545,0.11056332873091222
100.20564564564566,0.11058267653716011
100.42585585585587,0.11060195295406335
100.64606606606608,0.11062115837834154
100.8662762762763,0.11064029320376238
101.08648648648649,0.11065935782116945
101.3066966966967,0.11067835261850924
101.52690690690692,0.11069727798085821
101.74711711711713,0.1107161342904495
101.96732732732734,0.11073492192669916
102.18753753753755,0.11075364126623231
102.40774774774776,0.11077229268290885
102.62795795795797,0.11079087654784897
102.84816816816819,0.11080939322945833
103.0683783783784,0.11082784309345306
103.2885885885886,0.11084622650288428
103.50879879879881,0.11086454381816255
103.72900900900902,0.11088279539708193
103.94921921921923,0.11090098159484392
104.16942942942944,0.11091910276408092
104.38963963963965,0.11093715925487957
104.60984984984987,0.1109551514148039
104.83006006006008,0.11097307958891804
105.05027027027029,0.11099094411980882
105.2704804804805,0.11100874534760814
105.4906906906907,0.11102648361001491
105.71090090090091,0.1110441592423171
105.93111111111112,0.11106177257741309
106.15132132132133,0.1110793239458333
106.37153153153155,0.11109681367576105
106.59174174174176,0.11111424209305372
106.81195195195197,0.11113160952126329
107.03216216216218,0.11114891628165685
107.25237237237239,0.11116616269323681
107.47258258258259,0.11118334907276105
107.6927927927928,0.11120047573476251
107.91300300300301,0.11121754299156904
108.13321321321322,0.11123455115332262
108.35342342342344,0.11125150052799866
108.57363363363365,0.11126839142142493
108.79384384384386,0.11128522413730038
109.01405405405407,0.11130199897721367
109.23426426426428,0.1113187162406617
109.4544744744745,0.1113353762250676
109.67468468468469,0.111351979225799
109.8948948948949,0.11136852553618558
110.11510510510512,0.11138501544753694
110.33531531531533,0.11140144924915993
110.55552552552554,0.11141782722837593
110.77573573573575,0.11143414967053797
110.99594594594596,0.11145041685904761
111.21615615615617,0.1114666290753717
111.43636636636639,0.11148278659905905
111.6565765765766,0.11149888970775657
111.8767867867868,0.11151493867722573
112.096996996997,0.11153093378135853
112.31720720720722,0.11154687529219343
112.53741741741743,0.11156276347993101
112.75762762762764,0.11157859861294961
112.97783783783785,0.11159438095782076
113.19804804804807,0.11161011077932438
113.41825825825828,0.11162578834046384
113.63846846846849,0.11164141390248104
113.85867867867869,0.11165698772487115
114.0788888888889,0.11167251006539715
114.29909909909911,0.11168798118010453
114.51930930930932,0.11170340132333544
114.73951951951953,0.11171877074774303
114.95972972972974,0.11173408970430553
115.17993993993996,0.11174935844234002
115.40015015015017,0.11176457720951638
115.62036036036038,0.11177974625187087
115.84057057057059,0.11179486581381964
116.06078078078079,0.1118099361381721
116.280990990991,0.1118249574661442
116.50120120120121,0.11183993003737148
116.72141141141142,0.11185485408992216
116.94162162162164,0.11186972986030988
117.16183183183185,0.11188455758350643
117.38204204204206,0.11189933749295447
117.60225225225227,0.11191406982057993
117.82246246246248,0.11192875479680431
118.0426726726727,0.11194339265055703
118.26288288288289,0.11195798360928744
118.4830930930931,0.11197252789897691
118.70330330330331,0.11198702574415063
118.92351351351353,0.11200147736788943
119.14372372372374,0.11201588299184134
119.36393393393395,0.11203024283623329
119.58414414414416,0.11204455711988237
119.80435435435437,0.1120588260602072
120.02456456456459,0.11207304987323921
120.24477477477478,0.11208722877363356
120.464984984985,0.11210136297468035
120.6851951951952,0.11211545268831533
120.90540540540542,0.11212949812513073
121.12561561561563,0.11214349949438598
121.34582582582584,0.11215745700401825
121.56603603603605,0.1121713708606529
121.78624624624626,0.11218524126961392
122.00645645645648,0.1121990684349341
122.22666666666669,0.11221285255936532
122.44687687687689,0.11222659384438856
122.6670870870871,0.11224029249022391
122.88729729729731,0.11225394869584045
123.10750750750752,0.11226756265896604
123.32771771771773,0.11228113457609705
123.54792792792794,0.112294664642508
123.76813813813816,0.11230815305226097
123.98834834834837,0.11232159999821513
124.20855855855858,0.11233500567203608
124.42876876876879,0.11234837026420513
124.64897897897899,0.11236169396402833
124.8691891891892,0.11237497695964575
125.08939939939941,0.11238821943804034
125.30960960960962,0.11240142158504694
125.52981981981983,0.11241458358536105
125.75003003003005,0.11242770562254759
125.97024024024026,0.11244078787904965
126.19045045045047,0.11245383053619695
126.41066066066068,0.11246683377421449
126.63087087087088,0.11247979777223087
126.85108108108109,0.11249272270828678
127.0712912912913,0.1125056087593431
127.29150150150151,0.11251845610128929
127.51171171171173,0.11253126490895138
127.73192192192194,0.11254403535610014
127.95213213213215,0.11255676761545894
128.17234234234235,0.11256946185871178
128.39255255255256,0.11258211825651104
128.61276276276277,0.11259473697848531
128.83297297297298,0.11260731819324703
129.0531831831832,0.11261986206840016
129.2733933933934,0.11263236877054773
129.49360360360362,0.1126448384652993
129.71381381381383,0.1126572713172784
129.934024024024,0.11266966749012992
130.15423423423422,0.11268202714652738
130.37444444444444,0.1126943504481801
130.59465465465465,0.11270663755584044
130.81486486486486,0.11271888862931084
131.03507507507507,0.11273110382745088
131.25528528528528,0.11274328330818428
131.4754954954955,0.11275542722850572
131.6957057057057,0.11276753574448777
131.91591591591592,0.1127796090112876
132.13612612612613,0.11279164718315382
132.35633633633634,0.11280365041343304
132.57654654654655,0.11281561885457653
132.79675675675676,0.1128275526581467
133.01696696696698,0.11283945197482373
133.2371771771772,0.11285131695441185
133.4573873873874,0.11286314774584585
133.6775975975976,0.1128749444971973
133.89780780780782,0.11288670735568086
134.118018018018,0.11289843646766051
134.33822822822822,0.1129101319786557
134.55843843843843,0.1129217940333474
134.77864864864864,0.11293342277558423
134.99885885885885,0.11294501834838845
135.21906906906906,0.11295658089396182
135.43927927927928,0.11296811055369159
135.6594894894895,0.11297960746815634
135.8796996996997,0.1129910717771317
136.0999099099099,0.11300250361959617
136.32012012012012,0.11301390313373677
136.54033033033033,0.11302527045695474
136.76054054054055,0.11303660572587103
136.98075075075076,0.11304790907633198
137.20096096096097,0.11305918064341475
137.42117117117118,0.11307042056143274
137.6413813813814,0.11308162896394115
137.8615915915916,0.1130928059837421
138.08180180180182,0.11310395175289023
138.302012012012,0.11311506640269768
138.5222222222222,0.11312615006373958
138.74243243243242,0.11313720286585906
138.96264264264263,0.11314822493817248
139.18285285285285,0.11315921640907443
139.40306306306306,0.1131701774062429
139.62327327327327,0.1131811080566442
139.84348348348348,0.11319200848653803
140.0636936936937,0.11320287882148224
140.2839039039039,0.11321371918633785
140.50411411411412,0.11322452970527391
140.72432432432433,0.11323531050177217
140.94453453453454,0.113246061698632
141.16474474474475,0.11325678341797495
141.38495495495496,0.1132674757812496
141.60516516516518,0.11327813890923609
141.8253753753754,0.1132887729220508
142.0455855855856,0.11329937793915085
142.2657957957958,0.11330995407933865
142.48600600600602,0.11332050146076646
142.7062162162162,0.11333102020094075
142.92642642642642,0.11334151041672673
143.14663663663663,0.11335197222435257
143.36684684684684,0.11336240573941393
143.58705705705705,0.11337281107687815
143.80726726726726,0.11338318835108857
144.02747747747748,0.11339353767576876
144.2476876876877,0.11340385916402675
144.4678978978979,0.11341415292835917
144.6881081081081,0.11342441908065541
144.90831831831832,0.11343465773220171
145.12852852852853,0.11344486899368524
145.34873873873875,0.11345505297519815
145.56894894894896,0.11346520978624156
145.78915915915917,0.11347533953572951
146.00936936936938,0.11348544233199298
146.2295795795796,0.11349551828278368
146.4497897897898,0.11350556749527803
146.67000000000002,0.11351559007608102
146.8902102102102,0.11352558613122987
147.1104204204204,0.113535555766198
147.33063063063062,0.1135454990858987
147.55084084084083,0.11355541619468883
147.77105105105105,0.11356530719637256
147.99126126126126,0.11357517219420504
148.21147147147147,0.11358501129089599
148.43168168168168,0.11359482458861334
148.6518918918919,0.11360461218898682
148.8721021021021,0.11361437419311146
149.09231231231232,0.11362411070155119
149.31252252252253,0.11363382181434224
149.53273273273274,0.11364350763099672
149.75294294294295,0.11365316825050593
149.97315315315316,0.11366280377134386
150.19336336336337,0.11367241429147056
150.4135735735736,0.11368199990833548
150.6337837837838,0.11369156071888081
150.853993993994,0.11370109681954482
151.0742042042042,0.11371060830626505
151.2944144144144,0.11372009527448168
151.51462462462462,0.11372955781914065
151.73483483483483,0.11373899603469699
151.95504504504504,0.1137484100151178
152.17525525525525,0.11375779985388568
152.39546546546546,0.11376716564400156
152.61567567567567,0.11377650747798809
152.8358858858859,0.11378582544789248
153.0560960960961,0.11379511964528968
153.2763063063063,0.11380439016128546
153.49651651651652,0.11381363708651927
153.71672672672673,0.11382286051116737
153.93693693693695,0.11383206052494571
154.15714714714716,0.11384123721711291
154.37735735735737,0.11385039067647316
154.59756756756758,0.11385952099137912
154.8177777777778,0.1138686282497348
155.037987987988,0.11387771253899841
155.25819819819822,0.1138867739461852
155.4784084084084,0.11389581255787021
155.6986186186186,0.11390482846019118
155.91882882882882,0.11391382173885117
156.13903903903903,0.11392279247912145
156.35924924924925,0.11393174076584406
156.57945945945946,0.11394066668343468
156.79966966966967,0.11394957031588522
157.01987987987988,0.11395845174676647
157.2400900900901,0.11396731105923079
157.4603003003003,0.11397614833601473
157.68051051051052,0.11398496365944161
157.90072072072073,0.1139937571114241
158.12093093093094,0.1140025287734668
158.34114114114115,0.1140112787266688
158.56135135135136,0.1140200070517262
158.78156156156157,0.11402871382893452
159.00177177177179,0.11403739913819136
159.221981981982,0.11404606305899874
159.4421921921922,0.1140547056704656
159.6624024024024,0.11406332705131025
159.8826126126126,0.11407192727986273
160.10282282282282,0.11408050643406722
160.32303303303303,0.11408906459148448
160.54324324324324,0.11409760182929413
160.76345345345345,0.11410611822429705
160.98366366366366,0.1141146138529177
161.20387387387387,0.11412308879120639
161.4240840840841,0.11413154311484161
161.6442942942943,0.1141399768991323
161.8645045045045,0.1141483902190201
162.08471471471472,0.11415678314908159
162.30492492492493,0.11416515576353053
162.52513513513514,0.11417350813622008
162.74534534534536,0.11418184034064491
162.96555555555557,0.11419015244994353
163.18576576576578,0.11419844453690028
163.405975975976,0.11420671667394762
163.6261861861862,0.11421496893316817
163.8463963963964,0.11422320138629685
164.0666066066066,0.11423141410472301
164.2868168168168,0.11423960715949245
164.50702702702702,0.11424778062130955
164.72723723723723,0.11425593456053929
164.94744744744744,0.11426406904720929
165.16765765765766,0.11427218415101185
165.38786786786787,0.11428027994130598
165.60807807807808,0.11428835648711931
165.8282882882883,0.11429641385715017
166.0484984984985,0.1143044521197695
166.26870870870871,0.11431247134302282
166.48891891891893,0.11432047159463216
166.70912912912914,0.11432845294199799
166.92933933933935,0.11433641545220116
167.14954954954956,0.11434435919200472
167.36975975975977,0.11435228422785589
167.58996996996999,0.11436019062588786
167.8101801801802,0.1143680784519217
168.0303903903904,0.11437594777146823
168.2506006006006,0.11438379864972968
168.4708108108108,0.11439163115160175
168.69102102102102,0.11439944534167526
168.91123123123123,0.11440724128423795
169.13144144144144,0.11441501904327632
169.35165165165165,0.11442277868247733
169.57186186186186,0.11443052026523025
169.79207207207207,0.11443824385462828
170.01228228228229,0.11444594951347038
170.2324924924925,0.11445363730426293
170.4527027027027,0.11446130728922145
170.67291291291292,0.11446895953027232
170.89312312312313,0.11447659408905443
171.11333333333334,0.11448421102692086
171.33354354354356,0.11449181040494054
171.55375375375377,0.11449939228389987
171.77396396396398,0.11450695672430443
171.9941741741742,0.1145145037863805
172.2143843843844,0.1145220335300768
172.43459459459459,0.11452954601506594
172.6548048048048,0.11453704130074616
172.875015015015,0.11454451944624278
173.09522522522522,0.11455198051040984
173.31543543543543,0.11455942455183168
173.53564564564564,0.11456685162882446
173.75585585585586,0.11457426179943761
173.97606606606607,0.11458165512145553
174.19627627627628,0.11458903165239893
174.4164864864865,0.11459639144952648
174.6366966966967,0.1146037345698362
174.85690690690691,0.11461106107006698
175.07711711711713,0.1146183710067001
175.29732732732734,0.11462566443596059
175.51753753753755,0.1146329414138188
175.73774774774776,0.11464020199599177
175.95795795795797,0.11464744623794468
176.17816816816818,0.11465467419489227
176.3983783783784,0.1146618859218003
176.61858858858858,0.11466908147338688
176.8387987987988,0.11467626090412392
177.059009009009,0.1146834242682385
177.27921921921921,0.11469057161971426
177.49942942942943,0.11469770301229273
177.71963963963964,0.11470481849947475
177.93984984984985,0.11471191813452176
178.16006006006006,0.11471900197045713
178.38027027027027,0.1147260700600676
178.60048048048048,0.11473312245590447
178.8206906906907,0.114740159210285
179.0409009009009,0.11474718037529365
179.26111111111112,0.11475418600278345
179.48132132132133,0.11476117614437722
179.70153153153154,0.1147681508514689
179.92174174174176,0.11477511017522475
180.14195195195197,0.11478205416658471
180.36216216216218,0.1147889828762636
180.5823723723724,0.11479589635475232
180.8025825825826,0.11480279465231914
181.02279279279279,0.11480967781901098
181.243003003003,0.11481654590465451
181.4632132132132,0.11482339895885743
181.68342342342342,0.1148302370310097
181.90363363363363,0.11483706017028464
182.12384384384384,0.11484386842564027
182.34405405405406,0.11485066184582032
182.56426426426427,0.11485744047935553
182.78447447447448,0.11486420437456477
183.0046846846847,0.11487095357955615
183.2248948948949,0.11487768814222828
183.4451051051051,0.1148844081102713
183.66531531531533,0.11489111353116807
183.88552552552554,0.11489780445219533
184.10573573573575,0.11490448092042474
184.32594594594596,0.11491114298272403
184.54615615615617,0.11491779068575814
184.76636636636638,0.11492442407599025
184.9865765765766,0.11493104319968293
185.20678678678678,0.11493764810289922
185.426996996997,0.1149442388315036
185.6472072072072,0.1149508154311633
185.8674174174174,0.11495737794734906
186.08762762762763,0.11496392642533641
186.30783783783784,0.11497046091020666
186.52804804804805,0.11497698144684787
186.74825825825826,0.114983488079956
186.96846846846847,0.11498998085403586
187.18867867867868,0.11499645981340216
187.4088888888889,0.11500292500218051
187.6290990990991,0.11500937646430848
187.84930930930932,0.1150158142435365
188.06951951951953,0.11502223838342898
188.28972972972974,0.11502864892736524
188.50993993993995,0.11503504591854044
188.73015015015017,0.11504142939996664
188.95036036036038,0.11504779941447377
189.1705705705706,0.11505415600471054
189.39078078078077,0.11506049921314546
189.61099099099098,0.1150668290820677
189.8312012012012,0.11507314565358816
190.0514114114114,0.11507944896964031
190.27162162162162,0.11508573907198116
190.49183183183183,0.11509201600219227
190.71204204204204,0.11509827980168047
190.93225225225225,0.11510453051167896
191.15246246246247,0.11511076817324822
191.37267267267268,0.11511699282727679
191.5928828828829,0.11512320451448224
191.8130930930931,0.11512940327541207
192.0333033033033,0.11513558915044465
192.25351351351352,0.11514176217978997
192.47372372372374,0.11514792240349063
192.69393393393395,0.11515406986142265
192.91414414414416,0.1151602045932964
193.13435435435437,0.1151663266386574
193.35456456456458,0.1151724360368872
193.5747747747748,0.11517853282720424
193.79498498498498,0.11518461704866467
194.0151951951952,0.1151906887401632
194.2354054054054,0.11519674794043396
194.4556156156156,0.11520279468805131
194.67582582582583,0.11520882902143063
194.89603603603604,0.11521485097882922
195.11624624624625,0.11522086059834705
195.33645645645646,0.11522685791792754
195.55666666666667,0.1152328429753585
195.77687687687688,0.11523881580827275
195.9970870870871,0.11524477645414906
196.2172972972973,0.11525072495031287
196.43750750750752,0.11525666133393708
196.65771771771773,0.11526258564204284
196.87792792792794,0.11526849791150033
197.09813813813815,0.11527439817902951
197.31834834834837,0.11528028648120092
197.53855855855858,0.11528616285443642
197.7587687687688,0.11529202733500989
197.97897897897897,0.11529787995904811
198.19918918918918,0.11530372076253138
198.4193993993994,0.11530954978129436
198.6396096096096,0.11531536705102673
198.85981981981982,0.11532117260727395
199.08003003003003,0.11532696648543807
199.30024024024024,0.11533274872077827
199.52045045045045,0.11533851934841177
199.74066066066067,0.11534427840331445
199.96087087087088,0.11535002592032156
200.1810810810811,0.11535576193412847
200.4012912912913,0.11536148647929133
200.6215015015015,0.11536719959022777
200.84171171171172,0.11537290130121769
201.06192192192194,0.11537859164640374
201.28213213213215,0.11538427065979226
201.50234234234236,0.1153899383752538
201.72255255255257,0.11539559482652378
201.94276276276278,0.11540124004720331
202.16297297297297,0.11540687407075971
202.38318318318318,0.11541249693052727
202.6033933933934,0.11541810865970786
202.8236036036036,0.11542370929137158
203.0438138138138,0.11542929885845753
203.26402402402402,0.11543487739377425
203.48423423423424,0.11544044493000058
203.70444444444445,0.11544600149968616
203.92465465465466,0.11545154713525212
204.14486486486487,0.11545708186899176
204.36507507507508,0.11546260573307104
204.5852852852853,0.1154681187595294
204.8054954954955,0.11547362098028023
205.02570570570572,0.11547911242711152
205.24591591591593,0.11548459313168653
205.46612612612614,0.11549006312554441
205.68633633633635,0.11549552244010068
205.90654654654656,0.115500971106648
206.12675675675678,0.11550640915635667
206.346966966967,0.11551183662027525
206.56717717717717,0.11551725352933116
206.78738738738738,0.11552265991433128
207.0075975975976,0.11552805580596252
207.2278078078078,0.11553344123479245
207.44801801801802,0.11553881623126977
207.66822822822823,0.11554418082572503
207.88843843843844,0.1155495350483711
208.10864864864865,0.11555487892930377
208.32885885885887,0.11556021249850237
208.54906906906908,0.11556553578583025
208.7692792792793,0.11557084882103535
208.9894894894895,0.11557615163375086
209.2096996996997,0.11558144425349565
209.42990990990992,0.11558672670967489
209.65012012012014,0.11559199903158054
209.87033033033035,0.11559726124839201
210.09054054054056,0.11560251338917656
210.31075075075077,0.11560775548288993
210.53096096096098,0.11561298755837683
210.75117117117117,0.11561820964437154
210.97138138138138,0.11562342176949834
211.1915915915916,0.11562862396227214
211.4118018018018,0.11563381625109885
211.632012012012,0.11563899866427613
211.85222222222222,0.1156441712299937
212.07243243243244,0.11564933397633395
212.29264264264265,0.11565448693127242
212.51285285285286,0.11565963012267835
212.73306306306307,0.11566476357831514
212.95327327327328,0.11566988732584085
213.1734834834835,0.11567500139280877
213.3936936936937,0.11568010580666782
213.61390390390392,0.11568520059476313
213.83411411411413,0.11569028578433645
214.05432432432434,0.11569536140252669
214.27453453453455,0.11570042747637044
214.49474474474476,0.11570548403280234
214.71495495495498,0.11571053109865569
214.93516516516516,0.11571556870066281
215.15537537537537,0.1157205968654556
215.37558558558558,0.11572561561956603
215.5957957957958,0.11573062498942648
215.816006006006,0.1157356250013703
216.03621621621622,0.11574061568163233
216.25642642642643,0.11574559705634924
216.47663663663664,0.11575056915156005
216.69684684684685,0.11575553199320658
216.91705705705706,0.11576048560713394
217.13726726726728,0.11576543001909088
217.3574774774775,0.11577036525473036
217.5776876876877,0.1157752913396099
217.7978978978979,0.1157802082991921
218.01810810810812,0.11578511615884503
218.23831831831833,0.11579001494384265
218.45852852852855,0.11579490467936536
218.67873873873876,0.11579978539050025
218.89894894894897,0.11580465710224173
219.11915915915918,0.11580951983949181
219.33936936936936,0.11581437362706061
219.55957957957958,0.11581921848966671
219.7797897897898,0.11582405445193768
220.0,0.1158288815384104
