perturbation,run,CN,q,As,m
A,As18000_A2.2,0.13189670258898767,1,19832.47562452206,3
A,As18000_A2.4,0.13162960492348472,1,18724.450401124952,3
A,As18000_A2.6,0.13131453590686792,1,17680.647463104426,3
A,As18000_A2.8,0.13096263555153437,1,16691.66789699248,3
A,As18000_A3.0,0.13058148962038252,1,15749.836868854087,3
A,As18000_A3.2,0.13017672129856703,1,14849.134166412987,3
A,As18000_A3.4,0.12975244369579794,1,13984.76059403354,3
As,As7200_A2.4,0.1302696264203032,1,17140.898721630252,3
As,As10800_A2.4,0.13131855089525332,1,17761.147699429108,3
As,As14400_A2.4,0.13167060576172426,1,18282.555546849395,3
As,As18000_A2.4,0.13162960492348472,1,18724.450401124952,3
As,As21600_A2.4,0.1313571799583848,1,19100.721222624506,3
As,As25200_A2.4,0.13094671726159376,1,19423.278200542896,3
B,B1,0.12829631468009148,1,19381.435356507147,3
B,B2,0.13032157243425202,1,19301.714295710233,3
B,B3,0.12519454196059585,1,20909.836510618075,3
B,B4,0.12597874067247408,1,19928.153698088565,3
As_fields,as_0,0.13870652470266664,1,13879.161013070045,3
As_fields,as_1,0.13267188871433455,1,18512.007076769154,3
As_fields,as_2,0.1302974811871466,1,20525.528048353357,3
As_fields,as_3,0.12160878694660997,1,25628.102788014865,3
